# Idx,Group
1,1
2,1
3,1
4,1
5,1
6,1
7,1
8,1
9,1
10,1
11,1
12,1
13,1
14,1
15,1
16,1
17,1
18,1
19,1
20,1
21,1
22,1
23,1
24,1
25,1
26,1
27,1
28,1
29,1
30,1
31,1
32,1
33,1
34,1
35,1
36,1
37,1
38,1
39,1
40,1
41,1
42,1
43,1
44,1
45,1
46,1
47,1
48,1
49,1
50,1
51,1
52,1
53,1
54,1
55,1
56,1
57,1
58,1
59,1
60,1
61,1
62,1
63,1
64,1
65,1
66,1
67,1
68,1
69,1
70,1
71,1
72,1
73,1
74,1
75,1
76,1
77,1
78,1
79,1
80,1
81,1
82,1
83,1
84,1
85,1
86,1
87,1
88,1
89,1
90,1
91,1
92,1
93,1
94,1
95,1
96,1
97,1
98,1
99,1
100,1
101,1
102,1
103,1
104,1
105,1
106,1
107,1
108,1
109,1
110,1
111,1
112,2
113,2
114,2
115,2
116,2
117,2
118,2
119,2
120,2
121,2
122,2
123,2
124,2
125,2
126,2
127,2
128,2
129,2
130,2
131,2
132,2
133,2
134,2
135,2
136,2
137,2
138,2
139,2
140,2
141,2
142,2
143,2
144,2
145,2
146,2
147,2
148,2
149,2
150,2
151,2
152,2
153,2
154,2
155,2
156,2
157,2
158,2
159,2
160,2
161,2
162,2
163,2
164,2
165,2
166,2
167,2
168,2
169,2
170,2
171,2
172,2
173,2
174,2
175,2
176,2
177,2
178,2
179,2
180,2
181,2
182,2
183,2
184,2
185,2
186,2
187,2
188,2
189,2
190,2
191,2
192,2
193,2
194,2
195,2
196,2
197,2
198,2
199,2
200,2
201,2
202,2
203,2
204,2
205,2
206,2
207,2
208,2
209,2
210,2
211,2
212,2
213,2
214,2
215,2
216,2
217,2
218,2
219,2
220,2
221,2
222,2
223,2
224,2
225,2
226,2
227,2
228,2
229,2
230,2
231,2
232,2
233,2
234,2
235,2
236,2
237,2
238,2
239,2
240,2
241,2
242,2
243,2
244,2
245,2
246,2
247,2
248,2
249,2
250,2
251,2
252,2
253,2
254,2
255,2
256,2
257,2
258,2
259,2
260,2
261,2
262,2
263,2
264,2
265,2
266,2
267,2
268,2
269,2
270,2
271,3
272,3
273,3
274,3
275,3
276,3
277,3
278,3
279,3
280,3
281,3
282,3
283,3
284,3
285,3
286,3
287,3
288,3
289,3
290,3
291,3
292,3
293,3
294,3
295,3
296,3
297,3
298,3
299,3
300,3
301,3
302,3
303,3
304,3
305,3
306,3
307,3
308,3
309,3
310,3
311,3
312,3
313,3
314,3
315,3
316,3
317,3
318,3
319,3
320,3
321,3
322,3
323,3
324,3
325,3
326,3
327,3
328,3
329,3
330,3
331,3
332,3
333,3
334,3
335,3
336,3
337,3
338,3
339,3
340,3
341,3
342,3
343,3
344,3
345,3
346,3
347,3
348,3
349,3
350,3
351,3
352,3
353,3
354,3
355,3
356,3
357,3
358,3
359,3
360,3
361,3
362,3
363,3
364,3
365,3
366,3
367,3
368,3
369,3
370,3
371,3
372,3
373,3
374,3
375,3
376,3
377,3
378,3
379,3
380,3
381,3
382,3
383,3
384,3
385,3
386,3
387,3
388,3
389,3
390,3
391,3
392,3
393,3
394,3
395,3
396,3
397,3
398,3
399,3
400,3
401,3
402,3
403,3
404,3
405,3
406,3
407,3
408,3
409,3
410,3
411,3
412,3
413,3
414,3
415,3
416,3
417,3
418,3
419,3
420,3
421,3
422,3
423,3
424,3
425,3
426,3
427,3
428,3
429,3
430,3
431,3
432,3
433,3
434,3
435,3
436,3
437,3
438,3
439,3
440,3
441,3
442,3
443,3
444,3
445,3
446,3
447,3
448,3
449,3
450,3
451,3
452,3
453,3
454,3
455,3
456,3
457,3
458,3
459,3
460,3
461,3
462,3
463,3
464,3
465,3
466,3
467,3
468,3
469,3
470,3
471,3
472,3
473,3
474,3
475,3
476,3
477,3
478,3
479,3
480,3
481,3
482,3
483,3
484,3
485,3
486,3
487,3
488,3
489,3
490,3
491,3
492,3
493,3
494,4
495,4
496,4
497,4
498,4
499,4
500,4
501,4
502,4
503,4
504,4
505,4
506,4
507,4
508,4
509,4
510,4
511,4
512,4
513,4
514,4
515,4
516,4
517,4
518,4
519,4
520,4
521,4
522,4
523,4
524,4
525,4
526,4
527,4
528,4
529,4
530,4
531,4
532,4
533,4
534,4
535,4
536,4
537,4
538,4
539,4
540,4
541,4
542,4
543,4
544,4
545,4
546,4
547,4
548,4
549,4
550,4
551,4
552,4
553,4
554,4
555,4
556,4
557,4
558,4
559,4
560,4
561,4
562,4
563,4
564,4
565,4
566,4
567,4
568,4
569,4
570,4
571,4
572,4
573,4
574,4
575,4
576,4
577,4
578,4
579,4
580,4
581,4
582,4
583,4
584,4
585,4
586,4
587,4
588,4
589,4
590,4
591,4
592,4
593,4
594,4
595,4
596,4
597,4
598,4
599,4
600,4
601,4
602,4
603,4
604,4
605,4
606,4
607,4
608,4
609,4
610,4
611,4
612,4
613,4
614,4
615,4
616,4
617,4
618,4
619,4
620,4
621,4
622,4
623,4
624,4
625,4
626,4
627,4
628,4
629,4
630,4
631,4
632,4
633,4
634,4
635,4
636,4
637,4
638,4
639,4
640,4
641,4
642,4
643,4
644,4
645,4
646,4
647,4
648,4
649,4
650,4
651,4
652,4
653,4
654,4
655,4
656,4
657,4
658,4
659,4
660,4
661,4
662,4
663,4
664,4
665,4
666,4
667,4
668,4
669,4
670,4
671,4
672,4
673,4
674,4
675,4
676,4
677,4
678,4
679,4
680,4
681,4
682,4
683,4
684,4
685,4
686,4
687,4
688,4
689,4
690,4
691,4
692,4
693,4
694,4
695,4
696,4
697,4
698,4
699,4
700,4
701,4
702,4
703,4
704,4
705,4
706,4
707,4
708,4
709,4
710,4
711,4
712,4
713,4
714,4
715,4
716,4
717,4
718,4
719,4
720,4
721,4
722,4
723,4
724,4
725,4
726,4
727,4
728,4
729,4
730,4
731,4
732,4
733,4
734,4
735,4
736,4
737,4
738,4
739,4
740,4
741,4
742,4
743,4
744,4
745,4
746,4
747,4
748,4
749,4
750,4
751,4
752,4
753,4
754,4
755,4
756,4
757,4
758,4
759,4
760,4
761,4
762,4
763,5
764,5
765,5
766,5
767,5
768,5
769,5
770,5
771,5
772,5
773,5
774,5
775,5
776,5
777,5
778,5
779,5
780,5
781,5
782,5
783,5
784,5
785,5
786,5
787,5
788,5
789,5
790,5
791,5
792,5
793,5
794,5
795,5
796,5
797,5
798,5
799,5
800,5
801,5
802,5
803,5
804,5
805,5
806,5
807,5
808,5
809,5
810,5
811,5
812,5
813,5
814,5
815,5
816,5
817,5
818,5
819,5
820,5
821,5
822,5
823,5
824,5
825,5
826,5
827,5
828,5
829,5
830,5
831,5
832,5
833,5
834,5
835,5
836,5
837,5
838,5
839,5
840,5
841,5
842,5
843,5
844,5
845,5
846,5
847,5
848,5
849,5
850,5
851,5
852,5
853,5
854,5
855,5
856,5
857,5
858,5
859,5
860,5
861,5
862,5
863,5
864,5
865,5
866,5
867,5
868,5
869,5
870,5
871,5
872,5
873,5
874,5
875,5
876,5
877,5
878,5
879,5
880,5
881,5
882,5
883,5
884,5
885,5
886,5
887,5
888,5
889,5
890,5
891,5
892,5
893,5
894,5
895,5
896,5
897,5
898,5
899,5
900,5
901,5
902,5
903,5
904,5
905,5
906,5
907,5
908,5
909,5
910,5
911,5
912,5
913,5
914,5
915,5
916,5
917,5
918,5
919,5
920,5
921,5
922,5
923,5
924,5
925,5
926,5
927,5
928,5
929,5
930,5
931,5
932,5
933,5
934,5
935,5
936,5
937,5
938,5
939,5
940,5
941,5
942,5
943,5
944,5
945,5
946,5
947,5
948,5
949,5
950,5
951,5
952,5
953,5
954,5
955,5
956,5
957,5
958,5
959,5
960,5
961,5
962,5
963,5
964,5
965,5
966,5
967,5
968,5
969,5
970,5
971,5
972,5
973,5
974,5
975,5
976,5
977,5
978,5
979,5
980,5
981,5
982,5
983,5
984,5
985,5
986,5
987,5
988,5
989,5
990,5
991,5
992,5
993,5
994,5
995,5
996,5
997,5
998,5
999,5
1000,5
1001,5
1002,5
1003,5
1004,5
1005,5
1006,5
1007,5
1008,5
1009,5
1010,5
1011,5
1012,5
1013,5
1014,5
1015,5
1016,5
1017,5
1018,5
1019,5
1020,5
1021,5
1022,5
1023,5
1024,5
1025,5
1026,5
1027,5
1028,5
1029,5
1030,5
1031,5
1032,5
1033,5
1034,5
1035,5
1036,5
1037,5
1038,5
1039,5
1040,5
1041,5
1042,5
1043,5
1044,5
1045,5
1046,5
1047,5
1048,5
1049,5
1050,5
1051,5
1052,5
1053,5
1054,5
1055,5
1056,5
1057,5
1058,5
1059,5
1060,5
1061,5
1062,5
1063,5
1064,5
1065,5
1066,5
1067,5
1068,5
1069,5
1070,5
1071,5
1072,5
1073,5
1074,5
1075,5
1076,6
1077,6
1078,6
1079,6
1080,6
1081,6
1082,6
1083,6
1084,6
1085,6
1086,6
1087,6
1088,6
1089,6
1090,6
1091,6
1092,6
1093,6
1094,6
1095,6
1096,6
1097,6
1098,6
1099,6
1100,6
1101,6
1102,6
1103,6
1104,6
1105,6
1106,6
1107,6
1108,6
1109,6
1110,6
1111,6
1112,6
1113,6
1114,6
1115,6
1116,6
1117,6
1118,6
1119,6
1120,6
1121,6
1122,6
1123,6
1124,6
1125,6
1126,6
1127,6
1128,6
1129,6
1130,6
1131,6
1132,6
1133,6
1134,6
1135,6
1136,6
1137,6
1138,6
1139,6
1140,6
1141,6
1142,6
1143,6
1144,6
1145,6
1146,6
1147,6
1148,6
1149,6
1150,6
1151,6
1152,6
1153,6
1154,6
1155,6
1156,6
1157,6
1158,6
1159,6
1160,6
1161,6
1162,6
1163,6
1164,6
1165,6
1166,6
1167,6
1168,6
1169,6
1170,6
1171,6
1172,6
1173,6
1174,6
1175,6
1176,6
1177,6
1178,6
1179,6
1180,6
1181,6
1182,6
1183,6
1184,6
1185,6
1186,6
1187,6
1188,6
1189,6
1190,6
1191,6
1192,6
1193,6
1194,6
1195,6
1196,6
1197,6
1198,6
1199,6
1200,6
1201,6
1202,6
1203,6
1204,6
1205,6
1206,6
1207,6
1208,6
1209,6
1210,6
1211,6
1212,6
1213,6
1214,6
1215,6
1216,6
1217,6
1218,6
1219,6
1220,6
1221,6
1222,6
1223,6
1224,6
1225,6
1226,6
1227,6
1228,6
1229,6
1230,6
1231,6
1232,6
1233,6
1234,6
1235,6
1236,6
1237,6
1238,6
1239,6
1240,6
1241,6
1242,6
1243,6
1244,6
1245,6
1246,6
1247,6
1248,6
1249,6
1250,6
1251,6
1252,6
1253,6
1254,6
1255,6
1256,6
1257,6
1258,6
1259,6
1260,6
1261,6
1262,6
1263,6
1264,6
1265,6
1266,6
1267,6
1268,6
1269,6
1270,6
1271,6
1272,6
1273,6
1274,6
1275,6
1276,6
1277,6
1278,6
1279,6
1280,6
1281,6
1282,6
1283,6
1284,6
1285,6
1286,6
1287,6
1288,6
1289,6
1290,6
1291,6
1292,6
1293,6
1294,6
1295,6
1296,6
1297,6
1298,6
1299,6
1300,6
1301,6
1302,6
1303,6
1304,6
1305,6
1306,6
1307,6
1308,6
1309,6
1310,6
1311,6
1312,6
1313,6
1314,6
1315,6
1316,6
1317,6
1318,6
1319,6
1320,6
1321,6
1322,6
1323,6
1324,6
1325,6
1326,6
1327,6
1328,6
1329,6
1330,6
1331,6
1332,6
1333,6
1334,6
1335,6
1336,6
1337,6
1338,6
1339,6
1340,6
1341,6
1342,6
1343,6
1344,6
1345,6
1346,6
1347,6
1348,6
1349,6
1350,6
1351,6
1352,6
1353,6
1354,6
1355,6
1356,6
1357,6
1358,6
1359,6
1360,6
1361,6
1362,6
1363,6
1364,6
1365,6
1366,6
1367,6
1368,6
1369,6
1370,6
1371,6
1372,6
1373,6
1374,6
1375,6
1376,6
1377,6
1378,6
1379,6
1380,6
1381,6
1382,6
1383,6
1384,6
1385,6
1386,6
1387,6
1388,6
1389,6
1390,6
1391,6
1392,6
1393,6
1394,6
1395,6
1396,6
1397,6
1398,6
1399,6
1400,6
1401,6
1402,6
1403,6
1404,6
1405,6
1406,6
1407,6
1408,6
1409,6
1410,6
1411,6
1412,6
1413,6
1414,6
1415,6
1416,6
1417,6
1418,6
1419,6
1420,6
1421,6
1422,6
1423,6
1424,6
1425,6
1426,6
1427,6
1428,6
1429,6
1430,6
1431,6
1432,6
1433,6
1434,6
1435,6
1436,6
1437,6
1438,6
1439,6
1440,6
1441,7
1442,7
1443,7
1444,7
1445,7
1446,7
1447,7
1448,7
1449,7
1450,7
1451,7
1452,7
1453,7
1454,7
1455,7
1456,7
1457,7
1458,7
1459,7
1460,7
1461,7
1462,7
1463,7
1464,7
1465,7
1466,7
1467,7
1468,7
1469,7
1470,7
1471,7
1472,7
1473,7
1474,7
1475,7
1476,7
1477,7
1478,7
1479,7
1480,7
1481,7
1482,7
1483,7
1484,7
1485,7
1486,7
1487,7
1488,7
1489,7
1490,7
1491,7
1492,7
1493,7
1494,7
1495,7
1496,7
1497,7
1498,7
1499,7
1500,7
1501,7
1502,7
1503,7
1504,7
1505,7
1506,7
1507,7
1508,7
1509,7
1510,7
1511,7
1512,7
1513,7
1514,7
1515,7
1516,7
1517,7
1518,7
1519,7
1520,7
1521,7
1522,7
1523,7
1524,7
1525,7
1526,7
1527,7
1528,7
1529,7
1530,7
1531,7
1532,7
1533,7
1534,7
1535,7
1536,7
1537,7
1538,7
1539,7
1540,7
1541,7
1542,7
1543,7
1544,7
1545,7
1546,7
1547,7
1548,7
1549,7
1550,7
1551,7
1552,7
1553,7
1554,7
1555,7
1556,7
1557,7
1558,7
1559,7
1560,7
1561,7
1562,7
1563,7
1564,7
1565,7
1566,7
1567,7
1568,7
1569,7
1570,7
1571,7
1572,7
1573,7
1574,7
1575,7
1576,7
1577,7
1578,7
1579,7
1580,7
1581,7
1582,7
1583,7
1584,7
1585,7
1586,7
1587,7
1588,7
1589,7
1590,7
1591,7
1592,7
1593,7
1594,7
1595,7
1596,7
1597,7
1598,7
1599,7
1600,7
1601,7
1602,7
1603,7
1604,7
1605,7
1606,7
1607,7
1608,7
1609,7
1610,7
1611,7
1612,7
1613,7
1614,7
1615,7
1616,7
1617,7
1618,7
1619,7
1620,7
1621,7
1622,7
1623,7
1624,7
1625,7
1626,7
1627,7
1628,7
1629,7
1630,7
1631,7
1632,7
1633,7
1634,7
1635,7
1636,7
1637,7
1638,7
1639,7
1640,7
1641,7
1642,7
1643,7
1644,7
1645,7
1646,7
1647,7
1648,7
1649,7
1650,7
1651,7
1652,7
1653,7
1654,7
1655,7
1656,7
1657,7
1658,7
1659,7
1660,7
1661,7
1662,7
1663,7
1664,7
1665,7
1666,7
1667,7
1668,7
1669,7
1670,7
1671,7
1672,7
1673,7
1674,7
1675,7
1676,7
1677,7
1678,7
1679,7
1680,7
1681,7
1682,7
1683,7
1684,7
1685,7
1686,7
1687,7
1688,7
1689,7
1690,7
1691,7
1692,7
1693,7
1694,7
1695,7
1696,7
1697,7
1698,7
1699,7
1700,7
1701,7
1702,7
1703,7
1704,7
1705,7
1706,7
1707,7
1708,7
1709,7
1710,7
1711,7
1712,7
1713,7
1714,7
1715,7
1716,7
1717,7
1718,7
1719,7
1720,7
1721,7
1722,7
1723,7
1724,7
1725,7
1726,7
1727,7
1728,7
1729,7
1730,7
1731,7
1732,7
1733,7
1734,7
1735,7
1736,7
1737,7
1738,7
1739,7
1740,7
1741,7
1742,7
1743,7
1744,7
1745,7
1746,7
1747,7
1748,7
1749,7
1750,7
1751,7
1752,7
1753,7
1754,7
1755,7
1756,7
1757,7
1758,7
1759,7
1760,7
1761,7
1762,7
1763,7
1764,7
1765,7
1766,7
1767,7
1768,7
1769,7
1770,7
1771,7
1772,7
1773,7
1774,7
1775,7
1776,7
1777,7
1778,7
1779,7
1780,7
1781,7
1782,7
1783,7
1784,7
1785,7
1786,7
1787,7
1788,7
1789,7
1790,7
1791,7
1792,7
1793,7
1794,7
1795,7
1796,7
1797,7
1798,7
1799,7
1800,7
1801,7
1802,7
1803,7
1804,7
1805,7
1806,7
1807,7
1808,7
1809,7
1810,7
1811,7
1812,7
1813,7
1814,7
1815,7
1816,7
1817,7
1818,7
1819,7
1820,7
1821,7
1822,7
1823,7
1824,7
1825,7
1826,7
1827,7
1828,7
1829,7
1830,7
1831,7
1832,7
1833,7
1834,7
1835,7
1836,7
1837,7
1838,7
1839,7
1840,7
1841,7
1842,7
1843,7
1844,7
1845,7
1846,7
1847,7
1848,7
1849,7
1850,7
1851,7
1852,7
1853,7
1854,7
1855,7
1856,7
1857,7
1858,7
1859,7
1860,7
1861,8
1862,8
1863,8
1864,8
1865,8
1866,8
1867,8
1868,8
1869,8
1870,8
1871,8
1872,8
1873,8
1874,8
1875,8
1876,8
1877,8
1878,8
1879,8
1880,8
1881,8
1882,8
1883,8
1884,8
1885,8
1886,8
1887,8
1888,8
1889,8
1890,8
1891,8
1892,8
1893,8
1894,8
1895,8
1896,8
1897,8
1898,8
1899,8
1900,8
1901,8
1902,8
1903,8
1904,8
1905,8
1906,8
1907,8
1908,8
1909,8
1910,8
1911,8
1912,8
1913,8
1914,8
1915,8
1916,8
1917,8
1918,8
1919,8
1920,8
1921,8
1922,8
1923,8
1924,8
1925,8
1926,8
1927,8
1928,8
1929,8
1930,8
1931,8
1932,8
1933,8
1934,8
1935,8
1936,8
1937,8
1938,8
1939,8
1940,8
1941,8
1942,8
1943,8
1944,8
1945,8
1946,8
1947,8
1948,8
1949,8
1950,8
1951,8
1952,8
1953,8
1954,8
1955,8
1956,8
1957,8
1958,8
1959,8
1960,8
1961,8
1962,8
1963,8
1964,8
1965,8
1966,8
1967,8
1968,8
1969,8
1970,8
1971,8
1972,8
1973,8
1974,8
1975,8
1976,8
1977,8
1978,8
1979,8
1980,8
1981,8
1982,8
1983,8
1984,8
1985,8
1986,8
1987,8
1988,8
1989,8
1990,8
1991,8
1992,8
1993,8
1994,8
1995,8
1996,8
1997,8
1998,8
1999,8
2000,8
2001,8
2002,8
2003,8
2004,8
2005,8
2006,8
2007,8
2008,8
2009,8
2010,8
2011,8
2012,8
2013,8
2014,8
2015,8
2016,8
2017,8
2018,8
2019,8
2020,8
2021,8
2022,8
2023,8
2024,8
2025,8
2026,8
2027,8
2028,8
2029,8
2030,8
2031,8
2032,8
2033,8
2034,8
2035,8
2036,8
2037,8
2038,8
2039,8
2040,8
2041,8
2042,8
2043,8
2044,8
2045,8
2046,8
2047,8
2048,8
2049,8
2050,8
2051,8
2052,8
2053,8
2054,8
2055,8
2056,8
2057,8
2058,8
2059,8
2060,8
2061,8
2062,8
2063,8
2064,8
2065,8
2066,8
2067,8
2068,8
2069,8
2070,8
2071,8
2072,8
2073,8
2074,8
2075,8
2076,8
2077,8
2078,8
2079,8
2080,8
2081,8
2082,8
2083,8
2084,8
2085,8
2086,8
2087,8
2088,8
2089,8
2090,8
2091,8
2092,8
2093,8
2094,8
2095,8
2096,8
2097,8
2098,8
2099,8
2100,8
2101,8
2102,8
2103,8
2104,8
2105,8
2106,8
2107,8
2108,8
2109,8
2110,8
2111,8
2112,8
2113,8
2114,8
2115,8
2116,8
2117,8
2118,8
2119,8
2120,8
2121,8
2122,8
2123,8
2124,8
2125,8
2126,8
2127,8
2128,8
2129,8
2130,8
2131,8
2132,8
2133,8
2134,8
2135,8
2136,8
2137,8
2138,8
2139,8
2140,8
2141,8
2142,8
2143,8
2144,8
2145,8
2146,8
2147,8
2148,8
2149,8
2150,8
2151,8
2152,8
2153,8
2154,8
2155,8
2156,8
2157,8
2158,8
2159,8
2160,8
2161,8
2162,8
2163,8
2164,8
2165,8
2166,8
2167,8
2168,8
2169,8
2170,8
2171,8
2172,8
2173,8
2174,8
2175,8
2176,8
2177,8
2178,8
2179,8
2180,8
2181,8
2182,8
2183,8
2184,8
2185,8
2186,8
2187,8
2188,8
2189,8
2190,8
2191,8
2192,8
2193,8
2194,8
2195,8
2196,8
2197,8
2198,8
2199,8
2200,8
2201,8
2202,8
2203,8
2204,8
2205,8
2206,8
2207,8
2208,8
2209,8
2210,8
2211,8
2212,8
2213,8
2214,8
2215,8
2216,8
2217,8
2218,8
2219,8
2220,8
2221,8
2222,8
2223,8
2224,8
2225,8
2226,8
2227,8
2228,8
2229,8
2230,8
2231,8
2232,8
2233,8
2234,8
2235,8
2236,8
2237,8
2238,8
2239,8
2240,8
2241,8
2242,8
2243,8
2244,8
2245,8
2246,8
2247,8
2248,8
2249,8
2250,8
2251,8
2252,8
2253,8
2254,8
2255,8
2256,8
2257,8
2258,8
2259,8
2260,8
2261,8
2262,8
2263,8
2264,8
2265,8
2266,8
2267,8
2268,8
2269,8
2270,8
2271,8
2272,8
2273,8
2274,8
2275,8
2276,8
2277,8
2278,8
2279,8
2280,8
2281,8
2282,8
2283,8
2284,8
2285,8
2286,8
2287,8
2288,8
2289,8
2290,8
2291,8
2292,8
2293,8
2294,8
2295,8
2296,8
2297,8
2298,8
2299,8
2300,8
2301,8
2302,8
2303,8
2304,8
2305,8
2306,8
2307,8
2308,8
2309,8
2310,8
2311,8
2312,8
2313,8
2314,8
2315,8
2316,8
2317,8
2318,8
2319,8
2320,8
2321,8
2322,8
2323,8
2324,8
2325,8
2326,8
2327,8
2328,8
2329,8
2330,8
2331,8
2332,8
2333,8
2334,8
2335,8
2336,9
2337,9
2338,9
2339,9
2340,9
2341,9
2342,9
2343,9
2344,9
2345,9
2346,9
2347,9
2348,9
2349,9
2350,9
2351,9
2352,9
2353,9
2354,9
2355,9
2356,9
2357,9
2358,9
2359,9
2360,9
2361,9
2362,9
2363,9
2364,9
2365,9
2366,9
2367,9
2368,9
2369,9
2370,9
2371,9
2372,9
2373,9
2374,9
2375,9
2376,9
2377,9
2378,9
2379,9
2380,9
2381,9
2382,9
2383,9
2384,9
2385,9
2386,9
2387,9
2388,9
2389,9
2390,9
2391,9
2392,9
2393,9
2394,9
2395,9
2396,9
2397,9
2398,9
2399,9
2400,9
2401,9
2402,9
2403,9
2404,9
2405,9
2406,9
2407,9
2408,9
2409,9
2410,9
2411,9
2412,9
2413,9
2414,9
2415,9
2416,9
2417,9
2418,9
2419,9
2420,9
2421,9
2422,9
2423,9
2424,9
2425,9
2426,9
2427,9
2428,9
2429,9
2430,9
2431,9
2432,9
2433,9
2434,9
2435,9
2436,9
2437,9
2438,9
2439,9
2440,9
2441,9
2442,9
2443,9
2444,9
2445,9
2446,9
2447,9
2448,9
2449,9
2450,9
2451,9
2452,9
2453,9
2454,9
2455,9
2456,9
2457,9
2458,9
2459,9
2460,9
2461,9
2462,9
2463,9
2464,9
2465,9
2466,9
2467,9
2468,9
2469,9
2470,9
2471,9
2472,9
2473,9
2474,9
2475,9
2476,9
2477,9
2478,9
2479,9
2480,9
2481,9
2482,9
2483,9
2484,9
2485,9
2486,9
2487,9
2488,9
2489,9
2490,9
2491,9
2492,9
2493,9
2494,9
2495,9
2496,9
2497,9
2498,9
2499,9
2500,9
2501,9
2502,9
2503,9
2504,9
2505,9
2506,9
2507,9
2508,9
2509,9
2510,9
2511,9
2512,9
2513,9
2514,9
2515,9
2516,9
2517,9
2518,9
2519,9
2520,9
2521,9
2522,9
2523,9
2524,9
2525,9
2526,9
2527,9
2528,9
2529,9
2530,9
2531,9
2532,9
2533,9
2534,9
2535,9
2536,9
2537,9
2538,9
2539,9
2540,9
2541,9
2542,9
2543,9
2544,9
2545,9
2546,9
2547,9
2548,9
2549,9
2550,9
2551,9
2552,9
2553,9
2554,9
2555,9
2556,9
2557,9
2558,9
2559,9
2560,9
2561,9
2562,9
2563,9
2564,9
2565,9
2566,9
2567,9
2568,9
2569,9
2570,9
2571,9
2572,9
2573,9
2574,9
2575,9
2576,9
2577,9
2578,9
2579,9
2580,9
2581,9
2582,9
2583,9
2584,9
2585,9
2586,9
2587,9
2588,9
2589,9
2590,9
2591,9
2592,9
2593,9
2594,9
2595,9
2596,9
2597,9
2598,9
2599,9
2600,9
2601,9
2602,9
2603,9
2604,9
2605,9
2606,9
2607,9
2608,9
2609,9
2610,9
2611,9
2612,9
2613,9
2614,9
2615,9
2616,9
2617,9
2618,9
2619,9
2620,9
2621,9
2622,9
2623,9
2624,9
2625,9
2626,9
2627,9
2628,9
2629,9
2630,9
2631,9
2632,9
2633,9
2634,9
2635,9
2636,9
2637,9
2638,9
2639,9
2640,9
2641,9
2642,9
2643,9
2644,9
2645,9
2646,9
2647,9
2648,9
2649,9
2650,9
2651,9
2652,9
2653,9
2654,9
2655,9
2656,9
2657,9
2658,9
2659,9
2660,9
2661,9
2662,9
2663,9
2664,9
2665,9
2666,9
2667,9
2668,9
2669,9
2670,9
2671,9
2672,9
2673,9
2674,9
2675,9
2676,9
2677,9
2678,9
2679,9
2680,9
2681,9
2682,9
2683,9
2684,9
2685,9
2686,9
2687,9
2688,9
2689,9
2690,9
2691,9
2692,9
2693,9
2694,9
2695,9
2696,9
2697,9
2698,9
2699,9
2700,9
2701,9
2702,9
2703,9
2704,9
2705,9
2706,9
2707,9
2708,9
2709,9
2710,9
2711,9
2712,9
2713,9
2714,9
2715,9
2716,9
2717,9
2718,9
2719,9
2720,9
2721,9
2722,9
2723,9
2724,9
2725,9
2726,9
2727,9
2728,9
2729,9
2730,9
2731,9
2732,9
2733,9
2734,9
2735,9
2736,9
2737,9
2738,9
2739,9
2740,9
2741,9
2742,9
2743,9
2744,9
2745,9
2746,9
2747,9
2748,9
2749,9
2750,9
2751,9
2752,9
2753,9
2754,9
2755,9
2756,9
2757,9
2758,9
2759,9
2760,9
2761,9
2762,9
2763,9
2764,9
2765,9
2766,9
2767,9
2768,9
2769,9
2770,9
2771,9
2772,9
2773,9
2774,9
2775,9
2776,9
2777,9
2778,9
2779,9
2780,9
2781,9
2782,9
2783,9
2784,9
2785,9
2786,9
2787,9
2788,9
2789,9
2790,9
2791,9
2792,9
2793,9
2794,9
2795,9
2796,9
2797,9
2798,9
2799,9
2800,9
2801,9
2802,9
2803,9
2804,9
2805,9
2806,9
2807,9
2808,9
2809,9
2810,9
2811,9
2812,9
2813,9
2814,9
2815,9
2816,9
2817,9
2818,9
2819,9
2820,9
2821,9
2822,9
2823,9
2824,9
2825,9
2826,9
2827,9
2828,9
2829,9
2830,9
2831,9
2832,9
2833,9
2834,9
2835,9
2836,9
2837,9
2838,9
2839,9
2840,9
2841,9
2842,9
2843,9
2844,9
2845,9
2846,9
2847,9
2848,9
2849,9
2850,9
2851,9
2852,9
2853,9
2854,9
2855,9
2856,9
2857,9
2858,9
2859,9
2860,9
2861,9
2862,9
2863,9
2864,9
2865,9
2866,9
2867,9
2868,9
2869,9
2870,9
2871,9
2872,9
2873,9
2874,9
2875,9
2876,9
2877,9
2878,9
2879,9
2880,9
2881,9
2882,9
2883,9
2884,9
2885,9
2886,9
2887,9
2888,10
2889,10
2890,10
2891,10
2892,10
2893,10
2894,10
2895,10
2896,10
2897,10
2898,10
2899,10
2900,10
2901,10
2902,10
2903,10
2904,10
2905,10
2906,10
2907,10
2908,10
2909,10
2910,10
2911,10
2912,10
2913,10
2914,10
2915,10
2916,10
2917,10
2918,10
2919,10
2920,10
2921,10
2922,10
2923,10
2924,10
2925,10
2926,10
2927,10
2928,10
2929,10
2930,10
2931,10
2932,10
2933,10
2934,10
2935,10
2936,10
2937,10
2938,10
2939,10
2940,10
2941,10
2942,10
2943,10
2944,10
2945,10
2946,10
2947,10
2948,10
2949,10
2950,10
2951,10
2952,10
2953,10
2954,10
2955,10
2956,10
2957,10
2958,10
2959,10
2960,10
2961,10
2962,10
2963,10
2964,10
2965,10
2966,10
2967,10
2968,10
2969,10
2970,10
2971,10
2972,10
2973,10
2974,10
2975,10
2976,10
2977,10
2978,10
2979,10
2980,10
2981,10
2982,10
2983,10
2984,10
2985,10
2986,10
2987,10
2988,10
2989,10
2990,10
2991,10
2992,10
2993,10
2994,10
2995,10
2996,10
2997,10
2998,10
2999,10
3000,10
3001,10
3002,10
3003,10
3004,10
3005,10
3006,10
3007,10
3008,10
3009,10
3010,10
3011,10
3012,10
3013,10
3014,10
3015,10
3016,10
3017,10
3018,10
3019,10
3020,10
3021,10
3022,10
3023,10
3024,10
3025,10
3026,10
3027,10
3028,10
3029,10
3030,10
3031,10
3032,10
3033,10
3034,10
3035,10
3036,10
3037,10
3038,10
3039,10
3040,10
3041,10
3042,10
3043,10
3044,10
3045,10
3046,10
3047,10
3048,10
3049,10
3050,10
3051,10
3052,10
3053,10
3054,10
3055,10
3056,10
3057,10
3058,10
3059,10
3060,10
3061,10
3062,10
3063,10
3064,10
3065,10
3066,10
3067,10
3068,10
3069,10
3070,10
3071,10
3072,10
3073,10
3074,10
3075,10
3076,10
3077,10
3078,10
3079,10
3080,10
3081,10
3082,10
3083,10
3084,10
3085,10
3086,10
3087,10
3088,10
3089,10
3090,10
3091,10
3092,10
3093,10
3094,10
3095,10
3096,10
3097,10
3098,10
3099,10
3100,10
3101,10
3102,10
3103,10
3104,10
3105,10
3106,10
3107,10
3108,10
3109,10
3110,10
3111,10
3112,10
3113,10
3114,10
3115,10
3116,10
3117,10
3118,10
3119,10
3120,10
3121,10
3122,10
3123,10
3124,10
3125,10
3126,10
3127,10
3128,10
3129,10
3130,10
3131,10
3132,10
3133,10
3134,10
3135,10
3136,10
3137,10
3138,10
3139,10
3140,10
3141,10
3142,10
3143,10
3144,10
3145,10
3146,10
3147,10
3148,10
3149,10
3150,10
3151,10
3152,10
3153,10
3154,10
3155,10
3156,10
3157,10
3158,10
3159,10
3160,10
3161,10
3162,10
3163,10
3164,10
3165,10
3166,10
3167,10
3168,10
3169,10
3170,10
3171,10
3172,10
3173,10
3174,10
3175,10
3176,10
3177,10
3178,10
3179,10
3180,10
3181,10
3182,10
3183,10
3184,10
3185,10
3186,10
3187,10
3188,10
3189,10
3190,10
3191,10
3192,10
3193,10
3194,10
3195,10
3196,10
3197,10
3198,10
3199,10
3200,10
3201,10
3202,10
3203,10
3204,10
3205,10
3206,10
3207,10
3208,10
3209,10
3210,10
3211,10
3212,10
3213,10
3214,10
3215,10
3216,10
3217,10
3218,10
3219,10
3220,10
3221,10
3222,10
3223,10
3224,10
3225,10
3226,10
3227,10
3228,10
3229,10
3230,10
3231,10
3232,10
3233,10
3234,10
3235,10
3236,10
3237,10
3238,10
3239,10
3240,10
3241,10
3242,10
3243,10
3244,10
3245,10
3246,10
3247,10
3248,10
3249,10
3250,10
3251,10
3252,10
3253,10
3254,10
3255,10
3256,10
3257,10
3258,10
3259,10
3260,10
3261,10
3262,10
3263,10
3264,10
3265,10
3266,10
3267,10
3268,10
3269,10
3270,10
3271,10
3272,10
3273,10
3274,10
3275,10
3276,10
3277,10
3278,10
3279,10
3280,10
3281,10
3282,10
3283,10
3284,10
3285,10
3286,10
3287,10
3288,10
3289,10
3290,10
3291,10
3292,10
3293,10
3294,10
3295,10
3296,10
3297,10
3298,10
3299,10
3300,10
3301,10
3302,10
3303,10
3304,10
3305,10
3306,10
3307,10
3308,10
3309,10
3310,10
3311,10
3312,10
3313,10
3314,10
3315,10
3316,10
3317,10
3318,10
3319,10
3320,10
3321,10
3322,10
3323,10
3324,10
3325,10
3326,10
3327,10
3328,10
3329,10
3330,10
3331,10
3332,10
3333,10
3334,10
3335,10
3336,10
3337,10
3338,10
3339,10
3340,10
3341,10
3342,10
3343,10
3344,10
3345,10
3346,10
3347,10
3348,10
3349,10
3350,10
3351,10
3352,10
3353,10
3354,10
3355,10
3356,10
3357,10
3358,10
3359,10
3360,10
3361,10
3362,10
3363,10
3364,10
3365,10
3366,10
3367,10
3368,10
3369,10
3370,10
3371,10
3372,10
3373,10
3374,10
3375,10
3376,10
3377,10
3378,10
3379,10
3380,10
3381,10
3382,10
3383,10
3384,10
3385,10
3386,10
3387,10
3388,10
3389,10
3390,10
3391,10
3392,10
3393,10
3394,10
3395,10
3396,10
3397,10
3398,10
3399,10
3400,10
3401,10
3402,10
3403,10
3404,10
3405,10
3406,10
3407,10
3408,10
3409,10
3410,10
3411,10
3412,10
3413,10
3414,10
3415,10
3416,10
3417,10
3418,10
3419,10
3420,10
3421,10
3422,10
3423,10
3424,10
3425,10
3426,10
3427,10
3428,10
3429,10
3430,10
3431,10
3432,10
3433,10
3434,10
3435,10
3436,10
3437,10
3438,10
3439,10
3440,10
3441,10
3442,10
3443,10
3444,10
3445,10
3446,10
3447,10
3448,10
3449,10
3450,10
3451,10
3452,10
3453,10
3454,10
3455,10
3456,10
3457,10
3458,10
3459,10
3460,10
3461,10
3462,10
3463,10
3464,10
3465,10
3466,10
3467,10
3468,10
3469,10
3470,10
3471,10
3472,10
3473,10
3474,10
3475,10
3476,10
3477,10
3478,10
3479,10
3480,10
3481,10
3482,10
3483,10
3484,10
3485,10
3486,10
3487,10
3488,10
3489,10
3490,10
3491,10
3492,10
3493,10
3494,10
3495,10
3496,10
3497,10
3498,10
3499,10
3500,10
3501,10
3502,10
3503,10
3504,10
3505,10
3506,10
3507,10
3508,10
3509,10
3510,10
3511,10
3512,10
3513,10
3514,10
3515,10
3516,10
3517,10
3518,10
3519,10
3520,10
3521,10
3522,10
3523,10
3524,10
3525,10
3526,10
3527,10
3528,10
3529,10
3530,10
3531,10
3532,11
3533,11
3534,11
3535,11
3536,11
3537,11
3538,11
3539,11
3540,11
3541,11
3542,11
3543,11
3544,11
3545,11
3546,11
3547,11
3548,11
3549,11
3550,11
3551,11
3552,11
3553,11
3554,11
3555,11
3556,11
3557,11
3558,11
3559,11
3560,11
3561,11
3562,11
3563,11
3564,11
3565,11
3566,11
3567,11
3568,11
3569,11
3570,11
3571,11
3572,11
3573,11
3574,11
3575,11
3576,11
3577,11
3578,11
3579,11
3580,11
3581,11
3582,11
3583,11
3584,11
3585,11
3586,11
3587,11
3588,11
3589,11
3590,11
3591,11
3592,11
3593,11
3594,11
3595,11
3596,11
3597,11
3598,11
3599,11
3600,11
3601,11
3602,11
3603,11
3604,11
3605,11
3606,11
3607,11
3608,11
3609,11
3610,11
3611,11
3612,11
3613,11
3614,11
3615,11
3616,11
3617,11
3618,11
3619,11
3620,11
3621,11
3622,11
3623,11
3624,11
3625,11
3626,11
3627,11
3628,11
3629,11
3630,11
3631,11
3632,11
3633,11
3634,11
3635,11
3636,11
3637,11
3638,11
3639,11
3640,11
3641,11
3642,11
3643,11
3644,11
3645,11
3646,11
3647,11
3648,11
3649,11
3650,11
3651,11
3652,11
3653,11
3654,11
3655,11
3656,11
3657,11
3658,11
3659,11
3660,11
3661,11
3662,11
3663,11
3664,11
3665,11
3666,11
3667,11
3668,11
3669,11
3670,11
3671,11
3672,11
3673,11
3674,11
3675,11
3676,11
3677,11
3678,11
3679,11
3680,11
3681,11
3682,11
3683,11
3684,11
3685,11
3686,11
3687,11
3688,11
3689,11
3690,11
3691,11
3692,11
3693,11
3694,11
3695,11
3696,11
3697,11
3698,11
3699,11
3700,11
3701,11
3702,11
3703,11
3704,11
3705,11
3706,11
3707,11
3708,11
3709,11
3710,11
3711,11
3712,11
3713,11
3714,11
3715,11
3716,11
3717,11
3718,11
3719,11
3720,11
3721,11
3722,11
3723,11
3724,11
3725,11
3726,11
3727,11
3728,11
3729,11
3730,11
3731,11
3732,11
3733,11
3734,11
3735,11
3736,11
3737,11
3738,11
3739,11
3740,11
3741,11
3742,11
3743,11
3744,11
3745,11
3746,11
3747,11
3748,11
3749,11
3750,11
3751,11
3752,11
3753,11
3754,11
3755,11
3756,11
3757,11
3758,11
3759,11
3760,11
3761,11
3762,11
3763,11
3764,11
3765,11
3766,11
3767,11
3768,11
3769,11
3770,11
3771,11
3772,11
3773,11
3774,11
3775,11
3776,11
3777,11
3778,11
3779,11
3780,11
3781,11
3782,11
3783,11
3784,11
3785,11
3786,11
3787,11
3788,11
3789,11
3790,11
3791,11
3792,11
3793,11
3794,11
3795,11
3796,11
3797,11
3798,11
3799,11
3800,11
3801,11
3802,11
3803,11
3804,11
3805,11
3806,11
3807,11
3808,11
3809,11
3810,11
3811,11
3812,11
3813,11
3814,11
3815,11
3816,11
3817,11
3818,11
3819,11
3820,11
3821,11
3822,11
3823,11
3824,11
3825,11
3826,11
3827,11
3828,11
3829,11
3830,11
3831,11
3832,11
3833,11
3834,11
3835,11
3836,11
3837,11
3838,11
3839,11
3840,11
3841,11
3842,11
3843,11
3844,11
3845,11
3846,11
3847,11
3848,11
3849,11
3850,11
3851,11
3852,11
3853,11
3854,11
3855,11
3856,11
3857,11
3858,11
3859,11
3860,11
3861,11
3862,11
3863,11
3864,11
3865,11
3866,11
3867,11
3868,11
3869,11
3870,11
3871,11
3872,11
3873,11
3874,11
3875,11
3876,11
3877,11
3878,11
3879,11
3880,11
3881,11
3882,11
3883,11
3884,11
3885,11
3886,11
3887,11
3888,11
3889,11
3890,11
3891,11
3892,11
3893,11
3894,11
3895,11
3896,11
3897,11
3898,11
3899,11
3900,11
3901,11
3902,11
3903,11
3904,11
3905,11
3906,11
3907,11
3908,11
3909,11
3910,11
3911,11
3912,11
3913,11
3914,11
3915,11
3916,11
3917,11
3918,11
3919,11
3920,11
3921,11
3922,11
3923,11
3924,11
3925,11
3926,11
3927,11
3928,11
3929,11
3930,11
3931,11
3932,11
3933,11
3934,11
3935,11
3936,11
3937,11
3938,11
3939,11
3940,11
3941,11
3942,11
3943,11
3944,11
3945,11
3946,11
3947,11
3948,11
3949,11
3950,11
3951,11
3952,11
3953,11
3954,11
3955,11
3956,11
3957,11
3958,11
3959,11
3960,11
3961,11
3962,11
3963,11
3964,11
3965,11
3966,11
3967,11
3968,11
3969,11
3970,11
3971,11
3972,11
3973,11
3974,11
3975,11
3976,11
3977,11
3978,11
3979,11
3980,11
3981,11
3982,11
3983,11
3984,11
3985,11
3986,11
3987,11
3988,11
3989,11
3990,11
3991,11
3992,11
3993,11
3994,11
3995,11
3996,11
3997,11
3998,11
3999,11
4000,11
4001,11
4002,11
4003,11
4004,11
4005,11
4006,11
4007,11
4008,11
4009,11
4010,11
4011,11
4012,11
4013,11
4014,11
4015,11
4016,11
4017,11
4018,11
4019,11
4020,11
4021,11
4022,11
4023,11
4024,11
4025,11
4026,11
4027,11
4028,11
4029,11
4030,11
4031,11
4032,11
4033,11
4034,11
4035,11
4036,11
4037,11
4038,11
4039,11
4040,11
4041,11
4042,11
4043,11
4044,11
4045,11
4046,11
4047,11
4048,11
4049,11
4050,11
4051,11
4052,11
4053,11
4054,11
4055,11
4056,11
4057,11
4058,11
4059,11
4060,11
4061,11
4062,11
4063,11
4064,11
4065,11
4066,11
4067,11
4068,11
4069,11
4070,11
4071,11
4072,11
4073,11
4074,11
4075,11
4076,11
4077,11
4078,11
4079,11
4080,11
4081,11
4082,11
4083,11
4084,11
4085,11
4086,11
4087,11
4088,11
4089,11
4090,11
4091,11
4092,11
4093,11
4094,11
4095,11
4096,11
4097,11
4098,11
4099,11
4100,11
4101,11
4102,11
4103,11
4104,11
4105,11
4106,11
4107,11
4108,11
4109,11
4110,11
4111,11
4112,11
4113,11
4114,11
4115,11
4116,11
4117,11
4118,11
4119,11
4120,11
4121,11
4122,11
4123,11
4124,11
4125,11
4126,11
4127,11
4128,11
4129,11
4130,11
4131,11
4132,11
4133,11
4134,11
4135,11
4136,11
4137,11
4138,11
4139,11
4140,11
4141,11
4142,11
4143,11
4144,11
4145,11
4146,11
4147,11
4148,11
4149,11
4150,11
4151,11
4152,11
4153,11
4154,11
4155,11
4156,11
4157,11
4158,11
4159,11
4160,11
4161,11
4162,11
4163,11
4164,11
4165,11
4166,11
4167,11
4168,11
4169,11
4170,11
4171,11
4172,11
4173,11
4174,11
4175,11
4176,11
4177,11
4178,11
4179,11
4180,11
4181,11
4182,11
4183,11
4184,11
4185,11
4186,11
4187,11
4188,11
4189,11
4190,11
4191,11
4192,11
4193,11
4194,11
4195,11
4196,11
4197,11
4198,11
4199,11
4200,11
4201,11
4202,11
4203,11
4204,11
4205,11
4206,11
4207,11
4208,11
4209,11
4210,11
4211,11
4212,11
4213,11
4214,11
4215,11
4216,11
4217,11
4218,11
4219,11
4220,11
4221,11
4222,11
4223,11
4224,11
4225,11
4226,11
4227,11
4228,11
4229,11
4230,11
4231,11
4232,11
4233,11
4234,11
4235,11
4236,11
4237,11
4238,11
4239,11
4240,11
4241,11
4242,11
4243,11
4244,11
4245,11
4246,11
4247,11
4248,11
4249,11
4250,11
4251,11
4252,11
4253,11
4254,11
4255,11
4256,11
4257,11
4258,11
4259,11
4260,11
4261,11
4262,11
4263,11
4264,11
4265,11
4266,11
4267,11
4268,11
4269,11
4270,11
4271,11
4272,11
4273,11
4274,11
4275,11
4276,11
4277,11
4278,11
4279,11
4280,11
4281,11
4282,11
4283,11
4284,11
4285,11
4286,11
4287,11
4288,11
4289,11
4290,11
4291,11
4292,11
4293,11
4294,11
4295,11
4296,11
4297,11
4298,11
4299,11
4300,11
4301,11
4302,11
4303,11
4304,11
4305,11
4306,11
4307,11
4308,11
4309,11
4310,11
4311,11
4312,11
4313,11
4314,11
4315,11
4316,11
4317,11
4318,11
4319,11
4320,11
4321,11
4322,11
4323,11
4324,11
4325,11
4326,11
4327,11
4328,11
4329,11
4330,11
4331,11
4332,11
4333,11
4334,11
4335,11
4336,11
4337,11
4338,11
4339,11
4340,11
4341,11
4342,11
4343,11
4344,11
4345,11
4346,11
4347,11
4348,11
4349,11
4350,11
4351,11
4352,11
4353,11
4354,11
4355,11
4356,11
4357,11
4358,11
4359,11
4360,11
4361,11
4362,11
4363,11
4364,11
4365,11
4366,11
4367,11
4368,11
4369,11
4370,11
4371,11
4372,11
4373,11
4374,11
4375,11
4376,11
4377,11
4378,12
4379,12
4380,12
4381,12
4382,12
4383,12
4384,12
4385,12
4386,12
4387,12
4388,12
4389,12
4390,12
4391,12
4392,12
4393,12
4394,12
4395,12
4396,12
4397,12
4398,12
4399,12
4400,12
4401,12
4402,12
4403,12
4404,12
4405,12
4406,12
4407,12
4408,12
4409,12
4410,12
4411,12
4412,12
4413,12
4414,12
4415,12
4416,12
4417,12
4418,12
4419,12
4420,12
4421,12
4422,12
4423,12
4424,12
4425,12
4426,12
4427,12
4428,12
4429,12
4430,12
4431,12
4432,12
4433,12
4434,12
4435,12
4436,12
4437,12
4438,12
4439,12
4440,12
4441,12
4442,12
4443,12
4444,12
4445,12
4446,12
4447,12
4448,12
4449,12
4450,12
4451,12
4452,12
4453,12
4454,12
4455,12
4456,12
4457,12
4458,12
4459,12
4460,12
4461,12
4462,12
4463,12
4464,12
4465,12
4466,12
4467,12
4468,12
4469,12
4470,12
4471,12
4472,12
4473,12
4474,12
4475,12
4476,12
4477,12
4478,12
4479,12
4480,12
4481,12
4482,12
4483,12
4484,12
4485,12
4486,12
4487,12
4488,12
4489,12
4490,12
4491,12
4492,12
4493,12
4494,12
4495,12
4496,12
4497,12
4498,12
4499,12
4500,12
4501,12
4502,12
4503,12
4504,12
4505,12
4506,12
4507,12
4508,12
4509,12
4510,12
4511,12
4512,12
4513,12
4514,12
4515,12
4516,12
4517,12
4518,12
4519,12
4520,12
4521,12
4522,12
4523,12
4524,12
4525,12
4526,12
4527,12
4528,12
4529,12
4530,12
4531,12
4532,12
4533,12
4534,12
4535,12
4536,12
4537,12
4538,12
4539,12
4540,12
4541,12
4542,12
4543,12
4544,12
4545,12
4546,12
4547,12
4548,12
4549,12
4550,12
4551,12
4552,12
4553,12
4554,12
4555,12
4556,12
4557,12
4558,12
4559,12
4560,12
4561,12
4562,12
4563,12
4564,12
4565,12
4566,12
4567,12
4568,12
4569,12
4570,12
4571,12
4572,12
4573,12
4574,12
4575,12
4576,12
4577,12
4578,12
4579,12
4580,12
4581,12
4582,12
4583,12
4584,12
4585,12
4586,12
4587,12
4588,12
4589,12
4590,12
4591,12
4592,12
4593,12
4594,12
4595,12
4596,12
4597,12
4598,12
4599,12
4600,12
4601,12
4602,12
4603,12
4604,12
4605,12
4606,12
4607,12
4608,12
4609,12
4610,12
4611,12
4612,12
4613,12
4614,12
4615,12
4616,12
4617,12
4618,12
4619,12
4620,12
4621,12
4622,12
4623,12
4624,12
4625,12
4626,12
4627,12
4628,12
4629,12
4630,12
4631,12
4632,12
4633,12
4634,12
4635,12
4636,12
4637,12
4638,12
4639,12
4640,12
4641,12
4642,12
4643,12
4644,12
4645,12
4646,12
4647,12
4648,12
4649,12
4650,12
4651,12
4652,12
4653,12
4654,12
4655,12
4656,12
4657,12
4658,12
4659,12
4660,12
4661,12
4662,12
4663,12
4664,12
4665,12
4666,12
4667,12
4668,12
4669,12
4670,12
4671,12
4672,12
4673,12
4674,12
4675,12
4676,12
4677,12
4678,12
4679,12
4680,12
4681,12
4682,12
4683,12
4684,12
4685,12
4686,12
4687,12
4688,12
4689,12
4690,12
4691,12
4692,12
4693,12
4694,12
4695,12
4696,12
4697,12
4698,12
4699,12
4700,12
4701,12
4702,12
4703,12
4704,12
4705,12
4706,12
4707,12
4708,12
4709,12
4710,12
4711,12
4712,12
4713,12
4714,12
4715,12
4716,12
4717,12
4718,12
4719,12
4720,12
4721,12
4722,12
4723,12
4724,12
4725,12
4726,12
4727,12
4728,12
4729,12
4730,12
4731,12
4732,12
4733,12
4734,12
4735,12
4736,12
4737,12
4738,12
4739,12
4740,12
4741,12
4742,12
4743,12
4744,12
4745,12
4746,12
4747,12
4748,12
4749,12
4750,12
4751,12
4752,12
4753,12
4754,12
4755,12
4756,12
4757,12
4758,12
4759,12
4760,12
4761,12
4762,12
4763,12
4764,12
4765,12
4766,12
4767,12
4768,12
4769,12
4770,12
4771,12
4772,12
4773,12
4774,12
4775,12
4776,12
4777,12
4778,12
4779,12
4780,12
4781,12
4782,12
4783,12
4784,12
4785,12
4786,12
4787,12
4788,12
4789,12
4790,12
4791,12
4792,12
4793,12
4794,12
4795,12
4796,12
4797,12
4798,12
4799,12
4800,12
4801,12
4802,12
4803,12
4804,12
4805,12
4806,12
4807,12
4808,12
4809,12
4810,12
4811,12
4812,12
4813,12
4814,12
4815,12
4816,12
4817,12
4818,12
4819,12
4820,12
4821,12
4822,12
4823,12
4824,12
4825,12
4826,12
4827,12
4828,12
4829,12
4830,12
4831,12
4832,12
4833,12
4834,12
4835,12
4836,12
4837,12
4838,12
4839,12
4840,12
4841,12
4842,12
4843,12
4844,12
4845,12
4846,12
4847,12
4848,12
4849,12
4850,12
4851,12
4852,12
4853,12
4854,12
4855,12
4856,12
4857,12
4858,12
4859,12
4860,12
4861,12
4862,12
4863,12
4864,12
4865,12
4866,12
4867,12
4868,12
4869,12
4870,12
4871,12
4872,12
4873,12
4874,12
4875,12
4876,12
4877,12
4878,12
4879,12
4880,12
4881,12
4882,12
4883,12
4884,12
4885,12
4886,12
4887,12
4888,12
4889,12
4890,12
4891,12
4892,12
4893,12
4894,12
4895,12
4896,12
4897,12
4898,12
4899,12
4900,12
4901,12
4902,12
4903,12
4904,12
4905,12
4906,12
4907,12
4908,12
4909,12
4910,12
4911,12
4912,12
4913,12
4914,12
4915,12
4916,12
4917,12
4918,12
4919,12
4920,12
4921,12
4922,12
4923,12
4924,12
4925,12
4926,12
4927,12
4928,12
4929,12
4930,12
4931,12
4932,12
4933,12
4934,12
4935,12
4936,12
4937,12
4938,12
4939,12
4940,12
4941,12
4942,12
4943,12
4944,12
4945,12
4946,12
4947,12
4948,12
4949,12
4950,12
4951,12
4952,12
4953,12
4954,12
4955,12
4956,12
4957,12
4958,12
4959,12
4960,12
4961,12
4962,12
4963,12
4964,12
4965,12
4966,12
4967,12
4968,12
4969,12
4970,12
4971,12
4972,12
4973,12
4974,12
4975,12
4976,12
4977,12
4978,12
4979,12
4980,12
4981,12
4982,12
4983,12
4984,12
4985,12
4986,12
4987,12
4988,12
4989,12
4990,12
4991,12
4992,12
4993,12
4994,12
4995,12
4996,12
4997,12
4998,12
4999,12
5000,12
5001,12
5002,12
5003,12
5004,12
5005,12
5006,12
5007,12
5008,12
5009,12
5010,12
5011,12
5012,12
5013,12
5014,12
5015,12
5016,12
5017,12
5018,12
5019,12
5020,12
5021,12
5022,12
5023,12
5024,12
5025,12
5026,12
5027,12
5028,12
5029,12
5030,12
5031,12
5032,12
5033,12
5034,12
5035,12
5036,12
5037,12
5038,12
5039,12
5040,12
5041,12
5042,12
5043,12
5044,12
5045,12
5046,12
5047,12
5048,12
5049,12
5050,12
5051,12
5052,12
5053,12
5054,12
5055,12
5056,12
5057,12
5058,12
5059,12
5060,12
5061,12
5062,12
5063,12
5064,12
5065,12
5066,12
5067,12
5068,12
5069,12
5070,12
5071,12
5072,12
5073,12
5074,12
5075,12
5076,12
5077,12
5078,12
5079,12
5080,12
5081,12
5082,12
5083,12
5084,12
5085,12
5086,12
5087,12
5088,12
5089,12
5090,12
5091,12
5092,12
5093,12
5094,12
5095,12
5096,12
5097,12
5098,12
5099,12
5100,12
5101,12
5102,12
5103,12
5104,12
5105,12
5106,12
5107,12
5108,12
5109,12
5110,12
5111,12
5112,12
5113,12
5114,12
5115,12
5116,12
5117,12
5118,12
5119,12
5120,12
5121,12
5122,12
5123,12
5124,12
5125,12
5126,12
5127,12
5128,12
5129,12
5130,12
5131,12
5132,12
5133,12
5134,12
5135,12
5136,12
5137,12
5138,13
5139,13
5140,13
5141,13
5142,13
5143,13
5144,13
5145,13
5146,13
5147,13
5148,13
5149,13
5150,13
5151,13
5152,13
5153,13
5154,13
5155,13
5156,13
5157,13
5158,13
5159,13
5160,13
5161,13
5162,13
5163,13
5164,13
5165,13
5166,13
5167,13
5168,13
5169,13
5170,13
5171,13
5172,13
5173,13
5174,13
5175,13
5176,13
5177,13
5178,13
5179,13
5180,13
5181,13
5182,13
5183,13
5184,13
5185,13
5186,13
5187,13
5188,13
5189,13
5190,13
5191,13
5192,13
5193,13
5194,13
5195,13
5196,13
5197,13
5198,13
5199,13
5200,13
5201,13
5202,13
5203,13
5204,13
5205,13
5206,13
5207,13
5208,13
5209,13
5210,13
5211,13
5212,13
5213,13
5214,13
5215,13
5216,13
5217,13
5218,13
5219,13
5220,13
5221,13
5222,13
5223,13
5224,13
5225,13
5226,13
5227,13
5228,13
5229,13
5230,13
5231,13
5232,13
5233,13
5234,13
5235,13
5236,13
5237,13
5238,13
5239,13
5240,13
5241,13
5242,13
5243,13
5244,13
5245,13
5246,13
5247,13
5248,13
5249,13
5250,13
5251,13
5252,13
5253,13
5254,13
5255,13
5256,13
5257,13
5258,13
5259,13
5260,13
5261,13
5262,13
5263,13
5264,13
5265,13
5266,13
5267,13
5268,13
5269,13
5270,13
5271,13
5272,13
5273,13
5274,13
5275,13
5276,13
5277,13
5278,13
5279,13
5280,13
5281,13
5282,13
5283,13
5284,13
5285,13
5286,13
5287,13
5288,13
5289,13
5290,13
5291,13
5292,13
5293,13
5294,13
5295,13
5296,13
5297,13
5298,13
5299,13
5300,13
5301,13
5302,13
5303,13
5304,13
5305,13
5306,13
5307,13
5308,13
5309,13
5310,13
5311,13
5312,13
5313,13
5314,13
5315,13
5316,13
5317,13
5318,13
5319,13
5320,13
5321,13
5322,13
5323,13
5324,13
5325,13
5326,13
5327,13
5328,13
5329,13
5330,13
5331,13
5332,13
5333,13
5334,13
5335,13
5336,13
5337,13
5338,13
5339,13
5340,13
5341,13
5342,13
5343,13
5344,13
5345,13
5346,13
5347,13
5348,13
5349,13
5350,13
5351,13
5352,13
5353,13
5354,13
5355,13
5356,13
5357,13
5358,13
5359,13
5360,13
5361,13
5362,13
5363,13
5364,13
5365,13
5366,13
5367,13
5368,13
5369,13
5370,13
5371,13
5372,13
5373,13
5374,13
5375,13
5376,13
5377,13
5378,13
5379,13
5380,13
5381,13
5382,13
5383,13
5384,13
5385,13
5386,13
5387,13
5388,13
5389,13
5390,13
5391,13
5392,13
5393,13
5394,13
5395,13
5396,13
5397,13
5398,13
5399,13
5400,13
5401,13
5402,13
5403,13
5404,13
5405,13
5406,13
5407,13
5408,13
5409,13
5410,13
5411,13
5412,13
5413,13
5414,13
5415,13
5416,13
5417,13
5418,13
5419,13
5420,13
5421,13
5422,13
5423,13
5424,13
5425,13
5426,13
5427,13
5428,13
5429,13
5430,13
5431,13
5432,13
5433,13
5434,13
5435,13
5436,13
5437,13
5438,13
5439,13
5440,13
5441,13
5442,13
5443,13
5444,13
5445,13
5446,13
5447,13
5448,13
5449,13
5450,13
5451,13
5452,13
5453,13
5454,13
5455,13
5456,13
5457,13
5458,13
5459,13
5460,13
5461,13
5462,13
5463,13
5464,13
5465,13
5466,13
5467,13
5468,13
5469,13
5470,13
5471,13
5472,13
5473,13
5474,13
5475,13
5476,13
5477,13
5478,13
5479,13
5480,13
5481,13
5482,13
5483,13
5484,13
5485,13
5486,13
5487,13
5488,13
5489,13
5490,14
5491,14
5492,14
5493,14
5494,14
5495,14
5496,14
5497,14
5498,14
5499,14
5500,14
5501,14
5502,14
5503,14
5504,14
5505,14
5506,14
5507,14
5508,14
5509,14
5510,14
5511,14
5512,14
5513,14
5514,14
5515,14
5516,14
5517,14
5518,14
5519,14
5520,14
5521,14
5522,14
5523,14
5524,14
5525,14
5526,14
5527,14
5528,14
5529,14
5530,14
5531,14
5532,14
5533,14
5534,14
5535,14
5536,14
5537,14
5538,14
5539,14
5540,14
5541,14
5542,14
5543,14
5544,14
5545,14
5546,14
5547,14
5548,14
5549,14
5550,14
5551,14
5552,14
5553,14
5554,14
5555,14
5556,14
5557,14
5558,14
5559,14
5560,14
5561,14
5562,14
5563,14
5564,14
5565,14
5566,14
5567,14
5568,14
5569,14
5570,14
5571,14
5572,14
5573,14
5574,14
5575,14
5576,14
5577,14
5578,14
5579,14
5580,14
5581,14
5582,14
5583,14
5584,14
5585,14
5586,14
5587,14
5588,14
5589,14
5590,14
5591,14
5592,14
5593,14
5594,14
5595,14
5596,14
5597,14
5598,14
5599,14
5600,14
5601,14
5602,14
5603,14
5604,14
5605,14
5606,14
5607,14
5608,14
5609,14
5610,14
5611,14
5612,14
5613,14
5614,14
5615,14
5616,14
5617,14
5618,14
5619,14
5620,14
5621,14
5622,14
5623,14
5624,14
5625,14
5626,14
5627,14
5628,14
5629,14
5630,14
5631,14
5632,14
5633,14
5634,14
5635,14
5636,14
5637,14
5638,14
5639,14
5640,14
5641,14
5642,14
5643,14
5644,14
5645,14
5646,14
5647,14
5648,14
5649,14
5650,14
5651,14
5652,14
5653,14
5654,14
5655,14
5656,14
5657,14
5658,14
5659,14
5660,14
5661,14
5662,14
5663,14
5664,14
5665,14
5666,14
5667,14
5668,14
5669,14
5670,14
5671,14
5672,14
5673,14
5674,14
5675,14
5676,14
5677,14
5678,14
5679,14
5680,14
5681,14
5682,14
5683,14
5684,14
5685,14
5686,14
5687,14
5688,14
5689,14
5690,14
5691,14
5692,14
5693,14
5694,14
5695,14
5696,14
5697,14
5698,14
5699,14
5700,14
5701,14
5702,14
5703,14
5704,14
5705,14
5706,14
5707,14
5708,14
5709,14
5710,14
5711,14
5712,14
5713,14
5714,14
5715,14
5716,14
5717,14
5718,14
5719,14
5720,14
5721,14
5722,14
5723,14
5724,14
5725,14
5726,14
5727,14
5728,14
5729,15
5730,15
5731,15
5732,15
5733,15
5734,15
5735,15
5736,15
5737,15
5738,15
5739,15
5740,15
5741,15
5742,15
5743,15
5744,15
5745,15
5746,15
5747,15
5748,15
5749,15
5750,15
5751,15
5752,15
5753,15
5754,15
5755,15
5756,15
5757,15
5758,15
5759,15
5760,15
5761,15
5762,15
5763,15
5764,15
5765,15
5766,15
5767,15
5768,15
5769,15
5770,15
5771,15
5772,15
5773,15
5774,15
5775,15
5776,15
5777,15
5778,15
5779,15
5780,15
5781,15
5782,15
5783,15
5784,15
5785,15
5786,15
5787,15
5788,15
5789,15
5790,15
5791,15
5792,15
5793,15
5794,15
5795,15
5796,15
5797,15
5798,15
5799,15
5800,15
5801,15
5802,15
5803,15
5804,15
5805,15
5806,15
5807,15
5808,15
5809,15
5810,15
5811,15
5812,15
5813,15
5814,15
5815,15
5816,15
5817,15
5818,15
5819,15
5820,15
5821,15
5822,15
5823,15
5824,15
5825,15
5826,15
5827,15
5828,15
5829,15
5830,15
5831,15
5832,15
5833,15
5834,15
5835,15
5836,15
5837,15
5838,15
5839,15
5840,15
5841,15
5842,15
5843,15
5844,15
5845,15
5846,15
5847,15
5848,15
5849,15
5850,15
5851,15
5852,15
5853,15
5854,15
5855,15
5856,15
5857,15
5858,15
5859,15
5860,15
5861,15
5862,15
5863,15
5864,15
5865,15
5866,15
5867,15
5868,15
5869,15
5870,15
5871,15
5872,15
5873,15
5874,15
5875,15
5876,15
5877,15
5878,15
5879,15
5880,15
5881,15
5882,15
5883,15
5884,15
5885,15
5886,15
5887,15
5888,15
5889,15
5890,15
5891,15
5892,15
5893,15
5894,15
5895,15
5896,15
5897,15
5898,15
5899,16
5900,16
5901,16
5902,16
5903,16
5904,16
5905,16
5906,16
5907,16
5908,16
5909,16
5910,16
5911,16
5912,16
5913,16
5914,16
5915,16
5916,16
5917,16
5918,16
5919,16
5920,16
5921,16
5922,16
5923,16
5924,16
5925,16
5926,16
5927,16
5928,16
5929,16
5930,16
5931,16
5932,16
5933,16
5934,16
5935,16
5936,16
5937,16
5938,16
5939,16
5940,16
5941,16
5942,16
5943,16
5944,16
5945,16
5946,16
5947,16
5948,16
5949,16
5950,16
5951,16
5952,16
5953,16
5954,16
5955,16
5956,16
5957,16
5958,16
5959,16
5960,16
5961,16
5962,16
5963,16
5964,16
5965,16
5966,16
5967,16
5968,16
5969,16
5970,16
5971,16
5972,16
5973,16
5974,16
5975,16
5976,16
5977,16
5978,16
5979,16
5980,16
5981,16
5982,16
5983,16
5984,16
5985,16
5986,16
5987,16
5988,16
5989,16
5990,16
5991,16
5992,16
5993,16
5994,16
5995,16
5996,16
5997,16
5998,16
5999,16
6000,16
6001,16
6002,16
6003,16
6004,16
6005,16
6006,16
6007,16
6008,16
6009,17
6010,17
6011,17
6012,17
6013,17
6014,17
6015,17
6016,17
6017,17
6018,17
6019,17
6020,17
6021,17
6022,17
6023,17
6024,17
6025,17
6026,17
6027,17
6028,17
6029,17
6030,17
6031,17
6032,17
6033,17
6034,17
6035,17
6036,17
6037,17
6038,17
6039,17
6040,17
6041,17
6042,17
6043,17
6044,17
6045,17
6046,17
6047,17
6048,17
6049,17
6050,17
6051,17
6052,17
6053,17
6054,17
6055,17
6056,17
6057,17
6058,17
6059,17
6060,17
6061,17
6062,17
6063,17
6064,17
6065,17
6066,17
6067,17
6068,17
6069,17
6070,17
6071,17
6072,17
6073,17
6074,17
6075,17
6076,17
6077,17
6078,17
6079,17
6080,18
6081,18
6082,18
6083,18
6084,18
6085,18
6086,18
6087,18
6088,18
6089,18
6090,18
6091,18
6092,18
6093,18
6094,18
6095,18
6096,18
6097,18
6098,18
6099,18
6100,18
6101,18
6102,18
6103,18
6104,18
6105,18
6106,18
6107,18
6108,18
6109,18
6110,18
6111,18
6112,18
6113,18
6114,18
6115,18
