# Idx,Group
1,1
2,1
3,1
4,1
5,1
6,1
7,1
8,1
9,1
10,1
11,1
12,1
13,1
14,1
15,1
16,1
17,1
18,1
19,2
20,2
21,2
22,2
23,2
24,2
25,2
26,3
27,3
28,3
29,3
30,3
31,3
32,4
33,4
34,4
35,4
36,4
37,4
38,4
39,4
40,4
41,4
42,4
43,4
44,4
45,4
46,4
47,4
48,5
49,5
50,5
51,5
52,5
53,5
54,5
55,5
56,5
57,5
58,5
59,5
60,5
61,5
62,6
63,6
64,6
65,6
66,6
67,6
68,6
69,6
70,6
71,6
72,7
73,7
74,7
75,7
76,7
77,7
78,7
79,7
80,7
81,7
82,7
83,7
84,8
85,8
86,8
87,8
88,8
89,8
90,8
91,8
92,8
93,8
94,8
95,8
96,8
97,8
98,8
99,8
100,8
101,8
102,8
103,8
104,8
105,8
106,8
107,9
108,9
109,9
110,9
111,9
112,9
113,9
114,9
115,9
116,9
117,9
118,9
119,9
120,9
121,10
122,10
123,10
124,10
125,10
126,10
127,10
128,10
129,10
130,10
131,10
132,10
133,11
134,11
135,11
136,11
137,11
138,11
139,11
140,11
141,11
142,11
143,11
144,11
145,11
146,11
147,11
148,11
149,11
150,11
151,11
152,11
153,11
154,11
155,11
156,11
157,11
158,11
159,12
160,12
161,12
162,12
163,12
164,12
165,12
166,12
167,12
168,12
169,12
170,12
171,12
172,12
173,12
174,12
175,12
176,12
177,13
178,13
179,13
180,13
181,13
182,13
183,13
184,13
185,13
186,13
187,13
188,13
189,13
190,13
191,13
192,13
193,14
194,14
195,14
196,14
197,14
198,14
199,14
200,14
201,14
202,14
203,14
204,14
205,14
206,14
207,14
208,14
209,14
210,14
211,14
212,14
213,14
214,14
215,14
216,15
217,15
218,15
219,15
220,15
221,15
222,15
223,15
224,15
225,15
226,15
227,15
228,15
229,15
230,15
231,15
232,15
233,15
234,15
235,15
236,15
237,15
238,15
239,15
240,15
241,16
242,16
243,16
244,16
245,16
246,16
247,16
248,16
249,16
250,16
251,16
252,16
253,16
254,16
255,16
256,16
257,16
258,16
259,17
260,17
261,17
262,17
263,17
264,17
265,17
266,17
267,17
268,17
269,17
270,17
271,17
272,17
273,17
274,17
275,17
276,17
277,17
278,18
279,18
280,18
281,18
282,18
283,18
284,18
285,18
286,18
287,18
288,18
289,18
290,18
291,18
292,18
293,18
294,18
295,18
296,18
297,18
298,18
299,18
300,18
301,18
302,18
303,18
304,18
305,18
306,18
307,18
308,18
309,19
310,19
311,19
312,19
313,19
314,19
315,19
316,19
317,19
318,19
319,19
320,19
321,19
322,19
323,19
324,19
325,19
326,19
327,19
328,19
329,19
330,19
331,19
332,20
333,20
334,20
335,20
336,20
337,20
338,20
339,20
340,20
341,20
342,20
343,20
344,20
345,20
346,20
347,20
348,20
349,20
350,20
351,20
352,21
353,21
354,21
355,21
356,21
357,21
358,21
359,21
360,21
361,21
362,21
363,21
364,21
365,21
366,21
367,21
368,21
369,21
370,21
371,21
372,21
373,21
374,21
375,21
376,21
377,21
378,21
379,21
380,21
381,21
382,21
383,21
384,21
385,22
386,22
387,22
388,22
389,22
390,22
391,22
392,22
393,22
394,22
395,22
396,22
397,22
398,22
399,22
400,22
401,22
402,22
403,22
404,22
405,22
406,22
407,22
408,22
409,22
410,22
411,23
412,23
413,23
414,23
415,23
416,23
417,23
418,23
419,23
420,23
421,23
422,23
423,23
424,23
425,23
426,23
427,23
428,23
429,23
430,23
431,23
432,24
433,24
434,24
435,24
436,24
437,24
438,24
439,24
440,24
441,24
442,24
443,24
444,24
445,24
446,24
447,24
448,24
449,24
450,24
451,24
452,24
453,24
454,24
455,24
456,24
457,24
458,24
459,24
460,24
461,24
462,24
463,24
464,24
465,24
466,25
467,25
468,25
469,25
470,25
471,25
472,25
473,25
474,25
475,25
476,25
477,25
478,25
479,25
480,25
481,25
482,25
483,25
484,25
485,25
486,25
487,25
488,25
489,25
490,25
491,25
492,25
493,25
494,26
495,26
496,26
497,26
498,26
499,26
500,26
501,26
502,26
503,26
504,26
505,26
506,26
507,26
508,26
509,26
510,26
511,26
512,26
513,26
514,26
515,26
516,26
517,26
518,26
519,26
520,27
521,27
522,27
523,27
524,27
525,27
526,27
527,27
528,27
529,27
530,27
531,27
532,27
533,27
534,27
535,27
536,27
537,27
538,27
539,27
540,27
541,27
542,27
543,27
544,27
545,27
546,27
547,27
548,27
549,27
550,27
551,27
552,27
553,27
554,27
555,27
556,28
557,28
558,28
559,28
560,28
561,28
562,28
563,28
564,28
565,28
566,28
567,28
568,28
569,28
570,28
571,28
572,28
573,28
574,28
575,28
576,28
577,28
578,28
579,28
580,28
581,28
582,28
583,28
584,28
585,28
586,29
587,29
588,29
589,29
590,29
591,29
592,29
593,29
594,29
595,29
596,29
597,29
598,29
599,29
600,29
601,29
602,29
603,29
604,29
605,29
606,29
607,29
608,29
609,29
610,29
611,29
612,30
613,30
614,30
615,30
616,30
617,30
618,30
619,30
620,30
621,30
622,30
623,30
624,30
625,30
626,30
627,30
628,30
629,30
630,30
631,30
632,30
633,30
634,30
635,30
636,30
637,30
638,30
639,30
640,30
641,30
642,30
643,30
644,30
645,30
646,30
647,31
648,31
649,31
650,31
651,31
652,31
653,31
654,31
655,31
656,31
657,31
658,31
659,31
660,31
661,31
662,31
663,31
664,31
665,31
666,31
667,31
668,31
669,31
670,31
671,31
672,31
673,31
674,31
675,31
676,31
677,31
678,31
679,31
680,31
681,31
682,32
683,32
684,32
685,32
686,32
687,32
688,32
689,32
690,32
691,32
692,32
693,32
694,32
695,32
696,32
697,32
698,32
699,32
700,32
701,32
702,32
703,32
704,32
705,32
706,32
707,32
708,32
709,32
710,33
711,33
712,33
713,33
714,33
715,33
716,33
717,33
718,33
719,33
720,33
721,33
722,33
723,33
724,33
725,33
726,33
727,33
728,33
729,33
730,33
731,33
732,33
733,33
734,33
735,33
736,33
737,33
738,33
739,33
740,33
741,33
742,33
743,33
744,33
745,33
746,33
747,33
748,33
749,34
750,34
751,34
752,34
753,34
754,34
755,34
756,34
757,34
758,34
759,34
760,34
761,34
762,34
763,34
764,34
765,34
766,34
767,34
768,34
769,34
770,34
771,34
772,34
773,34
774,34
775,34
776,34
777,34
778,34
779,34
780,34
781,34
782,34
783,34
784,34
785,35
786,35
787,35
788,35
789,35
790,35
791,35
792,35
793,35
794,35
795,35
796,35
797,35
798,35
799,35
800,35
801,35
802,35
803,35
804,35
805,35
806,35
807,35
808,35
809,35
810,35
811,35
812,35
813,35
814,35
815,35
816,36
817,36
818,36
819,36
820,36
821,36
822,36
823,36
824,36
825,36
826,36
827,36
828,36
829,36
830,36
831,36
832,36
833,36
834,36
835,36
836,36
837,36
838,36
839,36
840,36
841,36
842,36
843,36
844,36
845,36
846,36
847,36
848,36
849,36
850,36
851,36
852,36
853,36
854,36
855,36
856,36
857,37
858,37
859,37
860,37
861,37
862,37
863,37
864,37
865,37
866,37
867,37
868,37
869,37
870,37
871,37
872,37
873,37
874,37
875,37
876,37
877,37
878,37
879,37
880,37
881,37
882,37
883,37
884,37
885,37
886,37
887,37
888,37
889,37
890,37
891,37
892,38
893,38
894,38
895,38
896,38
897,38
898,38
899,38
900,38
901,38
902,38
903,38
904,38
905,38
906,38
907,38
908,38
909,38
910,38
911,38
912,38
913,38
914,38
915,38
916,38
917,38
918,38
919,38
920,38
921,38
922,38
923,38
924,38
925,38
926,38
927,39
928,39
929,39
930,39
931,39
932,39
933,39
934,39
935,39
936,39
937,39
938,39
939,39
940,39
941,39
942,39
943,39
944,39
945,39
946,39
947,39
948,39
949,39
950,39
951,39
952,39
953,39
954,39
955,39
956,39
957,39
958,39
959,39
960,39
961,39
962,39
963,39
964,39
965,39
966,39
967,39
968,39
969,39
970,40
971,40
972,40
973,40
974,40
975,40
976,40
977,40
978,40
979,40
980,40
981,40
982,40
983,40
984,40
985,40
986,40
987,40
988,40
989,40
990,40
991,40
992,40
993,40
994,40
995,40
996,40
997,40
998,40
999,40
1000,40
1001,40
1002,40
1003,40
1004,40
1005,40
1006,40
1007,40
1008,40
1009,41
1010,41
1011,41
1012,41
1013,41
1014,41
1015,41
1016,41
1017,41
1018,41
1019,41
1020,41
1021,41
1022,41
1023,41
1024,41
1025,41
1026,41
1027,41
1028,41
1029,41
1030,41
1031,41
1032,41
1033,41
1034,41
1035,41
1036,41
1037,41
1038,41
1039,41
1040,41
1041,41
1042,41
1043,41
1044,42
1045,42
1046,42
1047,42
1048,42
1049,42
1050,42
1051,42
1052,42
1053,42
1054,42
1055,42
1056,42
1057,42
1058,42
1059,42
1060,42
1061,42
1062,42
1063,42
1064,42
1065,42
1066,42
1067,42
1068,42
1069,42
1070,42
1071,42
1072,42
1073,42
1074,42
1075,42
1076,42
1077,42
1078,42
1079,42
1080,42
1081,42
1082,42
1083,42
1084,42
1085,42
1086,42
1087,42
1088,42
1089,42
1090,42
1091,43
1092,43
1093,43
1094,43
1095,43
1096,43
1097,43
1098,43
1099,43
1100,43
1101,43
1102,43
1103,43
1104,43
1105,43
1106,43
1107,43
1108,43
1109,43
1110,43
1111,43
1112,43
1113,43
1114,43
1115,43
1116,43
1117,43
1118,43
1119,43
1120,43
1121,43
1122,43
1123,43
1124,43
1125,43
1126,43
1127,43
1128,43
1129,43
1130,44
1131,44
1132,44
1133,44
1134,44
1135,44
1136,44
1137,44
1138,44
1139,44
1140,44
1141,44
1142,44
1143,44
1144,44
1145,44
1146,44
1147,44
1148,44
1149,44
1150,44
1151,44
1152,44
1153,44
1154,44
1155,44
1156,44
1157,44
1158,44
1159,44
1160,44
1161,44
1162,44
1163,44
1164,44
1165,44
1166,45
1167,45
1168,45
1169,45
1170,45
1171,45
1172,45
1173,45
1174,45
1175,45
1176,45
1177,45
1178,45
1179,45
1180,45
1181,45
1182,45
1183,45
1184,45
1185,45
1186,45
1187,45
1188,45
1189,45
1190,45
1191,45
1192,45
1193,45
1194,45
1195,45
1196,45
1197,45
1198,45
1199,45
1200,45
1201,45
1202,45
1203,45
1204,45
1205,45
1206,45
1207,45
1208,45
1209,45
1210,45
1211,45
1212,45
1213,45
1214,45
1215,45
1216,45
1217,46
1218,46
1219,46
1220,46
1221,46
1222,46
1223,46
1224,46
1225,46
1226,46
1227,46
1228,46
1229,46
1230,46
1231,46
1232,46
1233,46
1234,46
1235,46
1236,46
1237,46
1238,46
1239,46
1240,46
1241,46
1242,46
1243,46
1244,46
1245,46
1246,46
1247,46
1248,46
1249,46
1250,46
1251,46
1252,46
1253,46
1254,46
1255,46
1256,46
1257,47
1258,47
1259,47
1260,47
1261,47
1262,47
1263,47
1264,47
1265,47
1266,47
1267,47
1268,47
1269,47
1270,47
1271,47
1272,47
1273,47
1274,47
1275,47
1276,47
1277,47
1278,47
1279,47
1280,47
1281,47
1282,47
1283,47
1284,47
1285,47
1286,47
1287,47
1288,47
1289,47
1290,47
1291,47
1292,47
1293,47
1294,47
1295,47
1296,47
1297,47
1298,47
1299,48
1300,48
1301,48
1302,48
1303,48
1304,48
1305,48
1306,48
1307,48
1308,48
1309,48
1310,48
1311,48
1312,48
1313,48
1314,48
1315,48
1316,48
1317,48
1318,48
1319,48
1320,48
1321,48
1322,48
1323,48
1324,48
1325,48
1326,48
1327,48
1328,48
1329,48
1330,48
1331,48
1332,48
1333,48
1334,48
1335,48
1336,48
1337,48
1338,48
1339,48
1340,48
1341,48
1342,48
1343,48
1344,48
1345,48
1346,48
1347,48
1348,48
1349,48
1350,48
1351,49
1352,49
1353,49
1354,49
1355,49
1356,49
1357,49
1358,49
1359,49
1360,49
1361,49
1362,49
1363,49
1364,49
1365,49
1366,49
1367,49
1368,49
1369,49
1370,49
1371,49
1372,49
1373,49
1374,49
1375,49
1376,49
1377,49
1378,49
1379,49
1380,49
1381,49
1382,49
1383,49
1384,49
1385,49
1386,49
1387,49
1388,49
1389,49
1390,49
1391,49
1392,49
1393,50
1394,50
1395,50
1396,50
1397,50
1398,50
1399,50
1400,50
1401,50
1402,50
1403,50
1404,50
1405,50
1406,50
1407,50
1408,50
1409,50
1410,50
1411,50
1412,50
1413,50
1414,50
1415,50
1416,50
1417,50
1418,50
1419,50
1420,50
1421,50
1422,50
1423,50
1424,50
1425,50
1426,50
1427,50
1428,50
1429,50
1430,50
1431,50
1432,50
1433,50
1434,50
1435,50
1436,50
1437,50
1438,50
1439,50
1440,50
1441,51
1442,51
1443,51
1444,51
1445,51
1446,51
1447,51
1448,51
1449,51
1450,51
1451,51
1452,51
1453,51
1454,51
1455,51
1456,51
1457,51
1458,51
1459,51
1460,51
1461,51
1462,51
1463,51
1464,51
1465,51
1466,51
1467,51
1468,51
1469,51
1470,51
1471,51
1472,51
1473,51
1474,51
1475,51
1476,51
1477,51
1478,51
1479,51
1480,51
1481,51
1482,51
1483,51
1484,51
1485,51
1486,51
1487,51
1488,52
1489,52
1490,52
1491,52
1492,52
1493,52
1494,52
1495,52
1496,52
1497,52
1498,52
1499,52
1500,52
1501,52
1502,52
1503,52
1504,52
1505,52
1506,52
1507,52
1508,52
1509,52
1510,52
1511,52
1512,52
1513,52
1514,52
1515,52
1516,52
1517,52
1518,52
1519,52
1520,52
1521,52
1522,52
1523,52
1524,52
1525,52
1526,52
1527,52
1528,52
1529,52
1530,52
1531,52
1532,52
1533,53
1534,53
1535,53
1536,53
1537,53
1538,53
1539,53
1540,53
1541,53
1542,53
1543,53
1544,53
1545,53
1546,53
1547,53
1548,53
1549,53
1550,53
1551,53
1552,53
1553,53
1554,53
1555,53
1556,53
1557,53
1558,53
1559,53
1560,53
1561,53
1562,53
1563,53
1564,53
1565,53
1566,53
1567,53
1568,53
1569,53
1570,53
1571,53
1572,53
1573,53
1574,53
1575,53
1576,53
1577,53
1578,53
1579,53
1580,53
1581,53
1582,53
1583,53
1584,53
1585,53
1586,53
1587,54
1588,54
1589,54
1590,54
1591,54
1592,54
1593,54
1594,54
1595,54
1596,54
1597,54
1598,54
1599,54
1600,54
1601,54
1602,54
1603,54
1604,54
1605,54
1606,54
1607,54
1608,54
1609,54
1610,54
1611,54
1612,54
1613,54
1614,54
1615,54
1616,54
1617,54
1618,54
1619,54
1620,54
1621,54
1622,54
1623,54
1624,54
1625,54
1626,54
1627,54
1628,54
1629,54
1630,54
1631,54
1632,55
1633,55
1634,55
1635,55
1636,55
1637,55
1638,55
1639,55
1640,55
1641,55
1642,55
1643,55
1644,55
1645,55
1646,55
1647,55
1648,55
1649,55
1650,55
1651,55
1652,55
1653,55
1654,55
1655,55
1656,55
1657,55
1658,55
1659,55
1660,55
1661,55
1662,55
1663,55
1664,55
1665,55
1666,55
1667,55
1668,55
1669,55
1670,55
1671,55
1672,55
1673,55
1674,55
1675,55
1676,55
1677,55
1678,55
1679,55
1680,55
1681,55
1682,56
1683,56
1684,56
1685,56
1686,56
1687,56
1688,56
1689,56
1690,56
1691,56
1692,56
1693,56
1694,56
1695,56
1696,56
1697,56
1698,56
1699,56
1700,56
1701,56
1702,56
1703,56
1704,56
1705,56
1706,56
1707,56
1708,56
1709,56
1710,56
1711,56
1712,56
1713,56
1714,56
1715,56
1716,56
1717,56
1718,56
1719,56
1720,56
1721,56
1722,56
1723,56
1724,56
1725,56
1726,56
1727,56
1728,56
1729,56
1730,56
1731,56
1732,56
1733,56
1734,56
1735,56
1736,56
1737,57
1738,57
1739,57
1740,57
1741,57
1742,57
1743,57
1744,57
1745,57
1746,57
1747,57
1748,57
1749,57
1750,57
1751,57
1752,57
1753,57
1754,57
1755,57
1756,57
1757,57
1758,57
1759,57
1760,57
1761,57
1762,57
1763,57
1764,57
1765,57
1766,57
1767,57
1768,57
1769,57
1770,57
1771,57
1772,57
1773,57
1774,57
1775,57
1776,57
1777,57
1778,57
1779,57
1780,57
1781,57
1782,57
1783,57
1784,57
1785,57
1786,57
1787,58
1788,58
1789,58
1790,58
1791,58
1792,58
1793,58
1794,58
1795,58
1796,58
1797,58
1798,58
1799,58
1800,58
1801,58
1802,58
1803,58
1804,58
1805,58
1806,58
1807,58
1808,58
1809,58
1810,58
1811,58
1812,58
1813,58
1814,58
1815,58
1816,58
1817,58
1818,58
1819,58
1820,58
1821,58
1822,58
1823,58
1824,58
1825,58
1826,58
1827,58
1828,58
1829,58
1830,58
1831,58
1832,58
1833,58
1834,58
1835,58
1836,58
1837,58
1838,58
1839,58
1840,58
1841,58
1842,58
1843,58
1844,58
1845,59
1846,59
1847,59
1848,59
1849,59
1850,59
1851,59
1852,59
1853,59
1854,59
1855,59
1856,59
1857,59
1858,59
1859,59
1860,59
1861,59
1862,59
1863,59
1864,59
1865,59
1866,59
1867,59
1868,59
1869,59
1870,59
1871,59
1872,59
1873,59
1874,59
1875,59
1876,59
1877,59
1878,59
1879,59
1880,59
1881,59
1882,59
1883,59
1884,59
1885,59
1886,59
1887,59
1888,59
1889,59
1890,59
1891,59
1892,59
1893,59
1894,59
1895,59
1896,59
1897,59
1898,60
1899,60
1900,60
1901,60
1902,60
1903,60
1904,60
1905,60
1906,60
1907,60
1908,60
1909,60
1910,60
1911,60
1912,60
1913,60
1914,60
1915,60
1916,60
1917,60
1918,60
1919,60
1920,60
1921,60
1922,60
1923,60
1924,60
1925,60
1926,60
1927,60
1928,60
1929,60
1930,60
1931,60
1932,60
1933,60
1934,60
1935,60
1936,60
1937,60
1938,60
1939,60
1940,60
1941,60
1942,61
1943,61
1944,61
1945,61
1946,61
1947,61
1948,61
1949,61
1950,61
1951,61
1952,61
1953,61
1954,61
1955,61
1956,61
1957,61
1958,61
1959,61
1960,61
1961,61
1962,61
1963,61
1964,61
1965,61
1966,61
1967,61
1968,61
1969,61
1970,61
1971,61
1972,61
1973,61
1974,61
1975,61
1976,61
1977,61
1978,61
1979,61
1980,61
1981,61
1982,61
1983,61
1984,61
1985,61
1986,61
1987,61
1988,61
1989,61
1990,61
1991,61
1992,61
1993,61
1994,61
1995,61
1996,61
1997,61
1998,61
1999,61
2000,61
2001,61
2002,61
2003,61
2004,61
2005,61
2006,61
2007,61
2008,61
2009,62
2010,62
2011,62
2012,62
2013,62
2014,62
2015,62
2016,62
2017,62
2018,62
2019,62
2020,62
2021,62
2022,62
2023,62
2024,62
2025,62
2026,62
2027,62
2028,62
2029,62
2030,62
2031,62
2032,62
2033,62
2034,62
2035,62
2036,62
2037,62
2038,62
2039,62
2040,62
2041,62
2042,62
2043,62
2044,62
2045,62
2046,62
2047,62
2048,62
2049,62
2050,62
2051,62
2052,62
2053,62
2054,62
2055,62
2056,62
2057,62
2058,62
2059,62
2060,62
2061,63
2062,63
2063,63
2064,63
2065,63
2066,63
2067,63
2068,63
2069,63
2070,63
2071,63
2072,63
2073,63
2074,63
2075,63
2076,63
2077,63
2078,63
2079,63
2080,63
2081,63
2082,63
2083,63
2084,63
2085,63
2086,63
2087,63
2088,63
2089,63
2090,63
2091,63
2092,63
2093,63
2094,63
2095,63
2096,63
2097,63
2098,63
2099,63
2100,63
2101,63
2102,63
2103,63
2104,63
2105,63
2106,63
2107,63
2108,63
2109,63
2110,63
2111,63
2112,63
2113,63
2114,63
2115,63
2116,63
2117,63
2118,63
2119,63
2120,63
2121,63
2122,64
2123,64
2124,64
2125,64
2126,64
2127,64
2128,64
2129,64
2130,64
2131,64
2132,64
2133,64
2134,64
2135,64
2136,64
2137,64
2138,64
2139,64
2140,64
2141,64
2142,64
2143,64
2144,64
2145,64
2146,64
2147,64
2148,64
2149,64
2150,64
2151,64
2152,64
2153,64
2154,64
2155,64
2156,64
2157,64
2158,64
2159,64
2160,64
2161,64
2162,64
2163,64
2164,64
2165,64
2166,64
2167,64
2168,64
2169,64
2170,64
2171,64
2172,64
2173,64
2174,64
2175,64
2176,64
2177,64
2178,64
2179,65
2180,65
2181,65
2182,65
2183,65
2184,65
2185,65
2186,65
2187,65
2188,65
2189,65
2190,65
2191,65
2192,65
2193,65
2194,65
2195,65
2196,65
2197,65
2198,65
2199,65
2200,65
2201,65
2202,65
2203,65
2204,65
2205,65
2206,65
2207,65
2208,65
2209,65
2210,65
2211,65
2212,65
2213,65
2214,65
2215,65
2216,65
2217,65
2218,65
2219,65
2220,65
2221,65
2222,65
2223,65
2224,65
2225,65
2226,65
2227,65
2228,65
2229,65
2230,65
2231,65
2232,65
2233,65
2234,65
2235,65
2236,65
2237,65
2238,65
2239,66
2240,66
2241,66
2242,66
2243,66
2244,66
2245,66
2246,66
2247,66
2248,66
2249,66
2250,66
2251,66
2252,66
2253,66
2254,66
2255,66
2256,66
2257,66
2258,66
2259,66
2260,66
2261,66
2262,66
2263,66
2264,66
2265,66
2266,66
2267,66
2268,66
2269,66
2270,66
2271,66
2272,66
2273,66
2274,66
2275,66
2276,66
2277,66
2278,66
2279,66
2280,66
2281,66
2282,66
2283,66
2284,66
2285,66
2286,66
2287,66
2288,66
2289,66
2290,66
2291,66
2292,66
2293,66
2294,66
2295,66
2296,66
2297,66
2298,66
2299,67
2300,67
2301,67
2302,67
2303,67
2304,67
2305,67
2306,67
2307,67
2308,67
2309,67
2310,67
2311,67
2312,67
2313,67
2314,67
2315,67
2316,67
2317,67
2318,67
2319,67
2320,67
2321,67
2322,67
2323,67
2324,67
2325,67
2326,67
2327,67
2328,67
2329,67
2330,67
2331,67
2332,67
2333,67
2334,67
2335,67
2336,67
2337,67
2338,67
2339,67
2340,67
2341,67
2342,67
2343,67
2344,67
2345,67
2346,67
2347,67
2348,67
2349,67
2350,67
2351,67
2352,67
2353,67
2354,67
2355,67
2356,67
2357,67
2358,68
2359,68
2360,68
2361,68
2362,68
2363,68
2364,68
2365,68
2366,68
2367,68
2368,68
2369,68
2370,68
2371,68
2372,68
2373,68
2374,68
2375,68
2376,68
2377,68
2378,68
2379,68
2380,68
2381,68
2382,68
2383,68
2384,68
2385,68
2386,68
2387,68
2388,68
2389,68
2390,68
2391,68
2392,68
2393,68
2394,68
2395,68
2396,68
2397,68
2398,68
2399,68
2400,68
2401,68
2402,68
2403,68
2404,68
2405,68
2406,68
2407,68
2408,68
2409,68
2410,68
2411,68
2412,68
2413,68
2414,68
2415,68
2416,68
2417,68
2418,68
2419,68
2420,68
2421,68
2422,68
2423,68
2424,69
2425,69
2426,69
2427,69
2428,69
2429,69
2430,69
2431,69
2432,69
2433,69
2434,69
2435,69
2436,69
2437,69
2438,69
2439,69
2440,69
2441,69
2442,69
2443,69
2444,69
2445,69
2446,69
2447,69
2448,69
2449,69
2450,69
2451,69
2452,69
2453,69
2454,69
2455,69
2456,69
2457,69
2458,69
2459,69
2460,69
2461,69
2462,69
2463,69
2464,69
2465,69
2466,69
2467,69
2468,69
2469,69
2470,69
2471,69
2472,69
2473,69
2474,69
2475,69
2476,69
2477,69
2478,69
2479,69
2480,69
2481,69
2482,69
2483,69
2484,70
2485,70
2486,70
2487,70
2488,70
2489,70
2490,70
2491,70
2492,70
2493,70
2494,70
2495,70
2496,70
2497,70
2498,70
2499,70
2500,70
2501,70
2502,70
2503,70
2504,70
2505,70
2506,70
2507,70
2508,70
2509,70
2510,70
2511,70
2512,70
2513,70
2514,70
2515,70
2516,70
2517,70
2518,70
2519,70
2520,70
2521,70
2522,70
2523,70
2524,70
2525,70
2526,70
2527,70
2528,70
2529,70
2530,70
2531,70
2532,70
2533,70
2534,70
2535,70
2536,70
2537,70
2538,70
2539,70
2540,70
2541,70
2542,70
2543,70
2544,70
2545,70
2546,70
2547,70
2548,70
2549,70
2550,70
2551,70
2552,71
2553,71
2554,71
2555,71
2556,71
2557,71
2558,71
2559,71
2560,71
2561,71
2562,71
2563,71
2564,71
2565,71
2566,71
2567,71
2568,71
2569,71
2570,71
2571,71
2572,71
2573,71
2574,71
2575,71
2576,71
2577,71
2578,71
2579,71
2580,71
2581,71
2582,71
2583,71
2584,71
2585,71
2586,71
2587,71
2588,71
2589,71
2590,71
2591,71
2592,71
2593,71
2594,71
2595,71
2596,71
2597,71
2598,71
2599,71
2600,71
2601,71
2602,71
2603,71
2604,71
2605,71
2606,71
2607,71
2608,71
2609,71
2610,71
2611,71
2612,71
2613,71
2614,71
2615,71
2616,72
2617,72
2618,72
2619,72
2620,72
2621,72
2622,72
2623,72
2624,72
2625,72
2626,72
2627,72
2628,72
2629,72
2630,72
2631,72
2632,72
2633,72
2634,72
2635,72
2636,72
2637,72
2638,72
2639,72
2640,72
2641,72
2642,72
2643,72
2644,72
2645,72
2646,72
2647,72
2648,72
2649,72
2650,72
2651,72
2652,72
2653,72
2654,72
2655,72
2656,72
2657,72
2658,72
2659,72
2660,72
2661,72
2662,72
2663,72
2664,72
2665,72
2666,72
2667,72
2668,72
2669,72
2670,72
2671,72
2672,72
2673,72
2674,72
2675,72
2676,72
2677,72
2678,72
2679,72
2680,72
2681,72
2682,72
2683,72
2684,73
2685,73
2686,73
2687,73
2688,73
2689,73
2690,73
2691,73
2692,73
2693,73
2694,73
2695,73
2696,73
2697,73
2698,73
2699,73
2700,73
2701,73
2702,73
2703,73
2704,73
2705,73
2706,73
2707,73
2708,73
2709,73
2710,73
2711,73
2712,73
2713,73
2714,73
2715,73
2716,73
2717,73
2718,73
2719,73
2720,73
2721,73
2722,73
2723,73
2724,73
2725,73
2726,73
2727,73
2728,73
2729,73
2730,73
2731,73
2732,73
2733,73
2734,73
2735,73
2736,73
2737,73
2738,73
2739,73
2740,73
2741,73
2742,73
2743,73
2744,73
2745,73
2746,73
2747,73
2748,73
2749,73
2750,73
2751,74
2752,74
2753,74
2754,74
2755,74
2756,74
2757,74
2758,74
2759,74
2760,74
2761,74
2762,74
2763,74
2764,74
2765,74
2766,74
2767,74
2768,74
2769,74
2770,74
2771,74
2772,74
2773,74
2774,74
2775,74
2776,74
2777,74
2778,74
2779,74
2780,74
2781,74
2782,74
2783,74
2784,74
2785,74
2786,74
2787,74
2788,74
2789,74
2790,74
2791,74
2792,74
2793,74
2794,74
2795,74
2796,74
2797,74
2798,74
2799,74
2800,74
2801,74
2802,74
2803,74
2804,74
2805,74
2806,74
2807,74
2808,74
2809,74
2810,74
2811,74
2812,74
2813,74
2814,74
2815,74
2816,74
2817,74
2818,74
2819,74
2820,74
2821,75
2822,75
2823,75
2824,75
2825,75
2826,75
2827,75
2828,75
2829,75
2830,75
2831,75
2832,75
2833,75
2834,75
2835,75
2836,75
2837,75
2838,75
2839,75
2840,75
2841,75
2842,75
2843,75
2844,75
2845,75
2846,75
2847,75
2848,75
2849,75
2850,75
2851,75
2852,75
2853,75
2854,75
2855,75
2856,75
2857,75
2858,75
2859,75
2860,75
2861,75
2862,75
2863,75
2864,75
2865,75
2866,75
2867,75
2868,75
2869,75
2870,75
2871,75
2872,75
2873,75
2874,75
2875,75
2876,75
2877,75
2878,75
2879,75
2880,75
2881,75
2882,75
2883,75
2884,75
2885,75
2886,75
2887,75
2888,76
2889,76
2890,76
2891,76
2892,76
2893,76
2894,76
2895,76
2896,76
2897,76
2898,76
2899,76
2900,76
2901,76
2902,76
2903,76
2904,76
2905,76
2906,76
2907,76
2908,76
2909,76
2910,76
2911,76
2912,76
2913,76
2914,76
2915,76
2916,76
2917,76
2918,76
2919,76
2920,76
2921,76
2922,76
2923,76
2924,76
2925,76
2926,76
2927,76
2928,76
2929,76
2930,76
2931,76
2932,76
2933,76
2934,76
2935,76
2936,76
2937,76
2938,76
2939,76
2940,76
2941,76
2942,76
2943,76
2944,76
2945,76
2946,76
2947,76
2948,76
2949,76
2950,76
2951,76
2952,76
2953,76
2954,76
2955,76
2956,76
2957,76
2958,76
2959,76
2960,77
2961,77
2962,77
2963,77
2964,77
2965,77
2966,77
2967,77
2968,77
2969,77
2970,77
2971,77
2972,77
2973,77
2974,77
2975,77
2976,77
2977,77
2978,77
2979,77
2980,77
2981,77
2982,77
2983,77
2984,77
2985,77
2986,77
2987,77
2988,77
2989,77
2990,77
2991,77
2992,77
2993,77
2994,77
2995,77
2996,77
2997,77
2998,77
2999,77
3000,77
3001,77
3002,77
3003,77
3004,77
3005,77
3006,77
3007,77
3008,77
3009,77
3010,77
3011,77
3012,77
3013,77
3014,77
3015,77
3016,77
3017,77
3018,77
3019,77
3020,77
3021,77
3022,77
3023,77
3024,77
3025,77
3026,77
3027,77
3028,77
3029,77
3030,77
3031,77
3032,77
3033,77
3034,77
3035,77
3036,77
3037,77
3038,77
3039,78
3040,78
3041,78
3042,78
3043,78
3044,78
3045,78
3046,78
3047,78
3048,78
3049,78
3050,78
3051,78
3052,78
3053,78
3054,78
3055,78
3056,78
3057,78
3058,78
3059,78
3060,78
3061,78
3062,78
3063,78
3064,78
3065,78
3066,78
3067,78
3068,78
3069,78
3070,78
3071,78
3072,78
3073,78
3074,78
3075,78
3076,78
3077,78
3078,78
3079,78
3080,78
3081,78
3082,78
3083,78
3084,78
3085,78
3086,78
3087,78
3088,78
3089,78
3090,78
3091,78
3092,78
3093,78
3094,78
3095,78
3096,78
3097,78
3098,78
3099,78
3100,78
3101,78
3102,78
3103,78
3104,78
3105,78
3106,78
3107,79
3108,79
3109,79
3110,79
3111,79
3112,79
3113,79
3114,79
3115,79
3116,79
3117,79
3118,79
3119,79
3120,79
3121,79
3122,79
3123,79
3124,79
3125,79
3126,79
3127,79
3128,79
3129,79
3130,79
3131,79
3132,79
3133,79
3134,79
3135,79
3136,79
3137,79
3138,79
3139,79
3140,79
3141,79
3142,79
3143,79
3144,79
3145,79
3146,79
3147,79
3148,79
3149,79
3150,79
3151,79
3152,79
3153,79
3154,79
3155,79
3156,79
3157,79
3158,79
3159,79
3160,79
3161,79
3162,79
3163,79
3164,79
3165,79
3166,79
3167,79
3168,79
3169,79
3170,79
3171,79
3172,79
3173,79
3174,79
3175,79
3176,79
3177,79
3178,79
3179,79
3180,79
3181,79
3182,79
3183,79
3184,79
3185,79
3186,79
3187,80
3188,80
3189,80
3190,80
3191,80
3192,80
3193,80
3194,80
3195,80
3196,80
3197,80
3198,80
3199,80
3200,80
3201,80
3202,80
3203,80
3204,80
3205,80
3206,80
3207,80
3208,80
3209,80
3210,80
3211,80
3212,80
3213,80
3214,80
3215,80
3216,80
3217,80
3218,80
3219,80
3220,80
3221,80
3222,80
3223,80
3224,80
3225,80
3226,80
3227,80
3228,80
3229,80
3230,80
3231,80
3232,80
3233,80
3234,80
3235,80
3236,80
3237,80
3238,80
3239,80
3240,80
3241,80
3242,80
3243,80
3244,80
3245,80
3246,80
3247,80
3248,80
3249,80
3250,80
3251,80
3252,80
3253,80
3254,80
3255,80
3256,80
3257,80
3258,80
3259,80
3260,80
3261,80
3262,80
3263,80
3264,80
3265,81
3266,81
3267,81
3268,81
3269,81
3270,81
3271,81
3272,81
3273,81
3274,81
3275,81
3276,81
3277,81
3278,81
3279,81
3280,81
3281,81
3282,81
3283,81
3284,81
3285,81
3286,81
3287,81
3288,81
3289,81
3290,81
3291,81
3292,81
3293,81
3294,81
3295,81
3296,81
3297,81
3298,81
3299,81
3300,81
3301,81
3302,81
3303,81
3304,81
3305,81
3306,81
3307,81
3308,81
3309,81
3310,81
3311,81
3312,81
3313,81
3314,81
3315,81
3316,81
3317,81
3318,81
3319,81
3320,81
3321,81
3322,81
3323,81
3324,81
3325,81
3326,81
3327,81
3328,81
3329,81
3330,81
3331,81
3332,81
3333,81
3334,81
3335,81
3336,81
3337,81
3338,81
3339,81
3340,81
3341,81
3342,81
3343,81
3344,82
3345,82
3346,82
3347,82
3348,82
3349,82
3350,82
3351,82
3352,82
3353,82
3354,82
3355,82
3356,82
3357,82
3358,82
3359,82
3360,82
3361,82
3362,82
3363,82
3364,82
3365,82
3366,82
3367,82
3368,82
3369,82
3370,82
3371,82
3372,82
3373,82
3374,82
3375,82
3376,82
3377,82
3378,82
3379,82
3380,82
3381,82
3382,82
3383,82
3384,82
3385,82
3386,82
3387,82
3388,82
3389,82
3390,82
3391,82
3392,82
3393,82
3394,82
3395,82
3396,82
3397,82
3398,82
3399,82
3400,82
3401,82
3402,82
3403,82
3404,82
3405,82
3406,82
3407,82
3408,82
3409,82
3410,82
3411,82
3412,82
3413,82
3414,82
3415,82
3416,82
3417,82
3418,82
3419,82
3420,82
3421,82
3422,82
3423,82
3424,82
3425,82
3426,82
3427,83
3428,83
3429,83
3430,83
3431,83
3432,83
3433,83
3434,83
3435,83
3436,83
3437,83
3438,83
3439,83
3440,83
3441,83
3442,83
3443,83
3444,83
3445,83
3446,83
3447,83
3448,83
3449,83
3450,83
3451,83
3452,83
3453,83
3454,83
3455,83
3456,83
3457,83
3458,83
3459,83
3460,83
3461,83
3462,83
3463,83
3464,83
3465,83
3466,83
3467,83
3468,83
3469,83
3470,83
3471,83
3472,83
3473,83
3474,83
3475,83
3476,83
3477,83
3478,83
3479,83
3480,83
3481,83
3482,83
3483,83
3484,83
3485,83
3486,83
3487,83
3488,83
3489,83
3490,83
3491,83
3492,83
3493,83
3494,83
3495,83
3496,83
3497,83
3498,83
3499,83
3500,83
3501,83
3502,83
3503,83
3504,83
3505,83
3506,83
3507,84
3508,84
3509,84
3510,84
3511,84
3512,84
3513,84
3514,84
3515,84
3516,84
3517,84
3518,84
3519,84
3520,84
3521,84
3522,84
3523,84
3524,84
3525,84
3526,84
3527,84
3528,84
3529,84
3530,84
3531,84
3532,84
3533,84
3534,84
3535,84
3536,84
3537,84
3538,84
3539,84
3540,84
3541,84
3542,84
3543,84
3544,84
3545,84
3546,84
3547,84
3548,84
3549,84
3550,84
3551,84
3552,84
3553,84
3554,84
3555,84
3556,84
3557,84
3558,84
3559,84
3560,84
3561,84
3562,84
3563,84
3564,84
3565,84
3566,84
3567,84
3568,84
3569,84
3570,84
3571,84
3572,84
3573,84
3574,84
3575,84
3576,84
3577,84
3578,84
3579,84
3580,84
3581,84
3582,84
3583,84
3584,84
3585,84
3586,84
3587,84
3588,84
3589,84
3590,84
3591,84
3592,84
3593,84
3594,84
3595,84
3596,85
3597,85
3598,85
3599,85
3600,85
3601,85
3602,85
3603,85
3604,85
3605,85
3606,85
3607,85
3608,85
3609,85
3610,85
3611,85
3612,85
3613,85
3614,85
3615,85
3616,85
3617,85
3618,85
3619,85
3620,85
3621,85
3622,85
3623,85
3624,85
3625,85
3626,85
3627,85
3628,85
3629,85
3630,85
3631,85
3632,85
3633,85
3634,85
3635,85
3636,85
3637,85
3638,85
3639,85
3640,85
3641,85
3642,85
3643,85
3644,85
3645,85
3646,85
3647,85
3648,85
3649,85
3650,85
3651,85
3652,85
3653,85
3654,85
3655,85
3656,85
3657,85
3658,85
3659,85
3660,85
3661,85
3662,85
3663,85
3664,85
3665,85
3666,85
3667,85
3668,85
3669,85
3670,85
3671,85
3672,85
3673,85
3674,85
3675,85
3676,85
3677,85
3678,86
3679,86
3680,86
3681,86
3682,86
3683,86
3684,86
3685,86
3686,86
3687,86
3688,86
3689,86
3690,86
3691,86
3692,86
3693,86
3694,86
3695,86
3696,86
3697,86
3698,86
3699,86
3700,86
3701,86
3702,86
3703,86
3704,86
3705,86
3706,86
3707,86
3708,86
3709,86
3710,86
3711,86
3712,86
3713,86
3714,86
3715,86
3716,86
3717,86
3718,86
3719,86
3720,86
3721,86
3722,86
3723,86
3724,86
3725,86
3726,86
3727,86
3728,86
3729,86
3730,86
3731,86
3732,86
3733,86
3734,86
3735,86
3736,86
3737,86
3738,86
3739,86
3740,86
3741,86
3742,86
3743,86
3744,86
3745,86
3746,86
3747,86
3748,86
3749,86
3750,86
3751,86
3752,86
3753,86
3754,86
3755,86
3756,86
3757,86
3758,86
3759,86
3760,86
3761,86
3762,86
3763,86
3764,86
3765,86
3766,86
3767,86
3768,86
3769,86
3770,86
3771,86
3772,86
3773,86
3774,86
3775,86
3776,86
3777,86
3778,87
3779,87
3780,87
3781,87
3782,87
3783,87
3784,87
3785,87
3786,87
3787,87
3788,87
3789,87
3790,87
3791,87
3792,87
3793,87
3794,87
3795,87
3796,87
3797,87
3798,87
3799,87
3800,87
3801,87
3802,87
3803,87
3804,87
3805,87
3806,87
3807,87
3808,87
3809,87
3810,87
3811,87
3812,87
3813,87
3814,87
3815,87
3816,87
3817,87
3818,87
3819,87
3820,87
3821,87
3822,87
3823,87
3824,87
3825,87
3826,87
3827,87
3828,87
3829,87
3830,87
3831,87
3832,87
3833,87
3834,87
3835,87
3836,87
3837,87
3838,87
3839,87
3840,87
3841,87
3842,87
3843,87
3844,87
3845,87
3846,87
3847,87
3848,87
3849,87
3850,87
3851,87
3852,87
3853,87
3854,87
3855,87
3856,87
3857,87
3858,87
3859,87
3860,87
3861,87
3862,87
3863,87
3864,87
3865,87
3866,87
3867,87
3868,87
3869,87
3870,87
3871,88
3872,88
3873,88
3874,88
3875,88
3876,88
3877,88
3878,88
3879,88
3880,88
3881,88
3882,88
3883,88
3884,88
3885,88
3886,88
3887,88
3888,88
3889,88
3890,88
3891,88
3892,88
3893,88
3894,88
3895,88
3896,88
3897,88
3898,88
3899,88
3900,88
3901,88
3902,88
3903,88
3904,88
3905,88
3906,88
3907,88
3908,88
3909,88
3910,88
3911,88
3912,88
3913,88
3914,88
3915,88
3916,88
3917,88
3918,88
3919,88
3920,88
3921,88
3922,88
3923,88
3924,88
3925,88
3926,88
3927,88
3928,88
3929,88
3930,88
3931,88
3932,88
3933,88
3934,88
3935,88
3936,88
3937,88
3938,88
3939,88
3940,88
3941,88
3942,88
3943,88
3944,88
3945,88
3946,88
3947,88
3948,88
3949,88
3950,88
3951,88
3952,88
3953,88
3954,88
3955,88
3956,88
3957,88
3958,88
3959,88
3960,88
3961,88
3962,88
3963,88
3964,89
3965,89
3966,89
3967,89
3968,89
3969,89
3970,89
3971,89
3972,89
3973,89
3974,89
3975,89
3976,89
3977,89
3978,89
3979,89
3980,89
3981,89
3982,89
3983,89
3984,89
3985,89
3986,89
3987,89
3988,89
3989,89
3990,89
3991,89
3992,89
3993,89
3994,89
3995,89
3996,89
3997,89
3998,89
3999,89
4000,89
4001,89
4002,89
4003,89
4004,89
4005,89
4006,89
4007,89
4008,89
4009,89
4010,89
4011,89
4012,89
4013,89
4014,89
4015,89
4016,89
4017,89
4018,89
4019,89
4020,89
4021,89
4022,89
4023,89
4024,89
4025,89
4026,89
4027,89
4028,89
4029,89
4030,89
4031,89
4032,89
4033,89
4034,89
4035,89
4036,89
4037,89
4038,89
4039,89
4040,89
4041,89
4042,89
4043,89
4044,89
4045,89
4046,89
4047,89
4048,89
4049,89
4050,89
4051,89
4052,89
4053,89
4054,89
4055,89
4056,89
4057,89
4058,89
4059,89
4060,89
4061,89
4062,89
4063,89
4064,89
4065,89
4066,89
4067,89
4068,89
4069,90
4070,90
4071,90
4072,90
4073,90
4074,90
4075,90
4076,90
4077,90
4078,90
4079,90
4080,90
4081,90
4082,90
4083,90
4084,90
4085,90
4086,90
4087,90
4088,90
4089,90
4090,90
4091,90
4092,90
4093,90
4094,90
4095,90
4096,90
4097,90
4098,90
4099,90
4100,90
4101,90
4102,90
4103,90
4104,90
4105,90
4106,90
4107,90
4108,90
4109,90
4110,90
4111,90
4112,90
4113,90
4114,90
4115,90
4116,90
4117,90
4118,90
4119,90
4120,90
4121,90
4122,90
4123,90
4124,90
4125,90
4126,90
4127,90
4128,90
4129,90
4130,90
4131,90
4132,90
4133,90
4134,90
4135,90
4136,90
4137,90
4138,90
4139,90
4140,90
4141,90
4142,90
4143,90
4144,90
4145,90
4146,90
4147,90
4148,90
4149,90
4150,90
4151,90
4152,90
4153,90
4154,90
4155,90
4156,90
4157,90
4158,90
4159,90
4160,90
4161,90
4162,90
4163,90
4164,90
4165,90
4166,90
4167,90
4168,90
4169,90
4170,90
4171,90
4172,90
4173,90
4174,90
4175,90
4176,90
4177,91
4178,91
4179,91
4180,91
4181,91
4182,91
4183,91
4184,91
4185,91
4186,91
4187,91
4188,91
4189,91
4190,91
4191,91
4192,91
4193,91
4194,91
4195,91
4196,91
4197,91
4198,91
4199,91
4200,91
4201,91
4202,91
4203,91
4204,91
4205,91
4206,91
4207,91
4208,91
4209,91
4210,91
4211,91
4212,91
4213,91
4214,91
4215,91
4216,91
4217,91
4218,91
4219,91
4220,91
4221,91
4222,91
4223,91
4224,91
4225,91
4226,91
4227,91
4228,91
4229,91
4230,91
4231,91
4232,91
4233,91
4234,91
4235,91
4236,91
4237,91
4238,91
4239,91
4240,91
4241,91
4242,91
4243,91
4244,91
4245,91
4246,91
4247,91
4248,91
4249,91
4250,91
4251,91
4252,91
4253,91
4254,91
4255,91
4256,91
4257,91
4258,91
4259,91
4260,91
4261,91
4262,91
4263,91
4264,91
4265,91
4266,91
4267,91
4268,91
4269,91
4270,91
4271,91
4272,91
4273,91
4274,91
4275,91
4276,91
4277,91
4278,91
4279,91
4280,91
4281,91
4282,91
4283,91
4284,91
4285,91
4286,91
4287,91
4288,91
4289,91
4290,91
4291,91
4292,92
4293,92
4294,92
4295,92
4296,92
4297,92
4298,92
4299,92
4300,92
4301,92
4302,92
4303,92
4304,92
4305,92
4306,92
4307,92
4308,92
4309,92
4310,92
4311,92
4312,92
4313,92
4314,92
4315,92
4316,92
4317,92
4318,92
4319,92
4320,92
4321,92
4322,92
4323,92
4324,92
4325,92
4326,92
4327,92
4328,92
4329,92
4330,92
4331,92
4332,92
4333,92
4334,92
4335,92
4336,92
4337,92
4338,92
4339,92
4340,92
4341,92
4342,92
4343,92
4344,92
4345,92
4346,92
4347,92
4348,92
4349,92
4350,92
4351,92
4352,92
4353,92
4354,92
4355,92
4356,92
4357,92
4358,92
4359,92
4360,92
4361,92
4362,92
4363,92
4364,92
4365,92
4366,92
4367,92
4368,92
4369,92
4370,92
4371,92
4372,92
4373,92
4374,92
4375,92
4376,92
4377,92
4378,92
4379,92
4380,92
4381,92
4382,92
4383,92
4384,92
4385,92
4386,92
4387,92
4388,92
4389,92
4390,92
4391,92
4392,92
4393,92
4394,92
4395,92
4396,92
4397,92
4398,92
4399,92
4400,92
4401,92
4402,92
4403,92
4404,92
4405,92
4406,92
4407,92
4408,92
4409,92
4410,92
4411,92
4412,92
4413,92
4414,92
4415,92
4416,92
4417,92
4418,92
4419,92
4420,92
4421,92
4422,92
4423,92
4424,92
4425,92
4426,92
4427,92
4428,92
4429,92
4430,92
4431,92
4432,92
4433,92
4434,92
4435,93
4436,93
4437,93
4438,93
4439,93
4440,93
4441,93
4442,93
4443,93
4444,93
4445,93
4446,93
4447,93
4448,93
4449,93
4450,93
4451,93
4452,93
4453,93
4454,93
4455,93
4456,93
4457,93
4458,93
4459,93
4460,93
4461,93
4462,93
4463,93
4464,93
4465,93
4466,93
4467,93
4468,93
4469,93
4470,93
4471,93
4472,93
4473,93
4474,93
4475,93
4476,93
4477,93
4478,93
4479,93
4480,93
4481,93
4482,93
4483,93
4484,93
4485,93
4486,93
4487,93
4488,93
4489,93
4490,93
4491,93
4492,93
4493,93
4494,93
4495,93
4496,93
4497,93
4498,93
4499,93
4500,93
4501,93
4502,93
4503,93
4504,93
4505,93
4506,93
4507,93
4508,93
4509,93
4510,93
4511,93
4512,93
4513,93
4514,93
4515,93
4516,93
4517,93
4518,93
4519,93
4520,93
4521,93
4522,93
4523,93
4524,93
4525,93
4526,93
4527,93
4528,93
4529,93
4530,93
4531,93
4532,93
4533,93
4534,93
4535,93
4536,93
4537,93
4538,93
4539,93
4540,93
4541,93
4542,93
4543,93
4544,93
4545,93
4546,93
4547,93
4548,93
4549,93
4550,93
4551,93
4552,93
4553,93
4554,93
4555,93
4556,93
4557,93
4558,93
4559,93
4560,93
4561,93
4562,93
4563,93
4564,93
4565,93
4566,93
4567,93
4568,93
4569,93
4570,93
4571,93
4572,93
4573,93
4574,93
4575,93
4576,93
4577,93
4578,93
4579,93
4580,93
4581,93
4582,93
4583,93
4584,93
4585,93
4586,93
4587,93
4588,93
4589,93
4590,93
4591,93
4592,93
4593,93
4594,93
4595,93
4596,93
4597,93
4598,93
4599,93
4600,93
4601,93
4602,93
4603,93
4604,93
4605,93
4606,93
4607,93
4608,93
4609,93
4610,93
4611,93
4612,93
4613,93
4614,93
4615,93
4616,93
4617,93
4618,93
4619,93
4620,93
4621,93
4622,93
4623,93
4624,93
4625,93
4626,93
4627,93
4628,93
4629,93
4630,93
4631,93
4632,93
4633,93
4634,93
4635,93
4636,93
4637,93
4638,93
4639,93
4640,93
4641,93
4642,93
4643,93
4644,93
4645,93
4646,93
4647,93
4648,93
4649,93
4650,93
4651,93
4652,93
4653,93
4654,93
4655,93
4656,93
4657,93
4658,93
4659,93
4660,93
4661,93
4662,93
4663,93
4664,94
4665,94
4666,94
4667,94
4668,94
4669,94
4670,94
4671,94
4672,94
4673,94
4674,94
4675,94
4676,94
4677,94
4678,94
4679,94
4680,94
4681,94
4682,94
4683,94
4684,94
4685,94
4686,94
4687,94
4688,94
4689,94
4690,94
4691,94
4692,94
4693,94
4694,94
4695,94
4696,94
4697,94
4698,94
4699,94
4700,94
4701,94
4702,94
4703,94
4704,94
4705,94
4706,94
4707,94
4708,94
4709,94
4710,94
4711,94
4712,94
4713,94
4714,94
4715,94
4716,94
4717,94
4718,94
4719,94
4720,94
4721,94
4722,94
4723,94
4724,94
4725,94
4726,94
4727,94
4728,94
4729,94
4730,94
4731,94
4732,94
4733,94
4734,94
4735,94
4736,94
4737,94
4738,94
4739,94
4740,94
4741,94
4742,94
4743,94
4744,94
4745,94
4746,94
4747,94
4748,94
4749,94
4750,94
4751,94
4752,94
4753,94
4754,94
4755,95
4756,95
4757,95
4758,95
4759,95
4760,95
4761,95
4762,95
4763,95
4764,95
4765,95
4766,95
4767,95
4768,95
4769,95
4770,95
4771,95
4772,95
4773,95
4774,95
4775,95
4776,95
4777,95
4778,95
4779,95
4780,95
4781,95
4782,95
4783,95
4784,95
4785,95
4786,95
4787,95
4788,95
4789,95
4790,95
4791,95
4792,95
4793,95
4794,95
4795,95
4796,95
4797,95
4798,95
4799,95
4800,95
4801,95
4802,95
4803,95
4804,95
4805,95
4806,95
4807,95
4808,95
4809,95
4810,95
4811,95
4812,95
4813,95
4814,95
4815,95
4816,95
4817,95
4818,95
4819,95
4820,95
4821,95
4822,95
4823,95
4824,95
4825,95
4826,95
4827,95
4828,95
4829,95
4830,95
4831,95
4832,95
4833,95
4834,95
4835,96
4836,96
4837,96
4838,96
4839,96
4840,96
4841,96
4842,96
4843,96
4844,96
4845,96
4846,96
4847,96
4848,96
4849,96
4850,96
4851,96
4852,96
4853,96
4854,96
4855,96
4856,96
4857,96
4858,96
4859,96
4860,96
4861,96
4862,96
4863,96
4864,96
4865,96
4866,96
4867,96
4868,96
4869,96
4870,96
4871,96
4872,96
4873,96
4874,96
4875,96
4876,96
4877,96
4878,96
4879,96
4880,96
4881,96
4882,96
4883,96
4884,96
4885,96
4886,96
4887,96
4888,96
4889,96
4890,96
4891,96
4892,96
4893,96
4894,96
4895,96
4896,96
4897,96
4898,96
4899,96
4900,96
4901,96
4902,96
4903,96
4904,96
4905,96
4906,97
4907,97
4908,97
4909,97
4910,97
4911,97
4912,97
4913,97
4914,97
4915,97
4916,97
4917,97
4918,97
4919,97
4920,97
4921,97
4922,97
4923,97
4924,97
4925,97
4926,97
4927,97
4928,97
4929,97
4930,97
4931,97
4932,97
4933,97
4934,97
4935,97
4936,97
4937,97
4938,97
4939,97
4940,97
4941,97
4942,97
4943,97
4944,97
4945,97
4946,97
4947,97
4948,97
4949,97
4950,97
4951,97
4952,97
4953,97
4954,97
4955,97
4956,97
4957,97
4958,97
4959,97
4960,97
4961,97
4962,97
4963,97
4964,97
4965,97
4966,97
4967,97
4968,97
4969,97
4970,97
4971,97
4972,98
4973,98
4974,98
4975,98
4976,98
4977,98
4978,98
4979,98
4980,98
4981,98
4982,98
4983,98
4984,98
4985,98
4986,98
4987,98
4988,98
4989,98
4990,98
4991,98
4992,98
4993,98
4994,98
4995,98
4996,98
4997,98
4998,98
4999,98
5000,98
5001,98
5002,98
5003,98
5004,98
5005,98
5006,98
5007,98
5008,98
5009,98
5010,98
5011,98
5012,98
5013,98
5014,98
5015,98
5016,98
5017,98
5018,98
5019,98
5020,98
5021,98
5022,98
5023,98
5024,98
5025,98
5026,98
5027,98
5028,98
5029,99
5030,99
5031,99
5032,99
5033,99
5034,99
5035,99
5036,99
5037,99
5038,99
5039,99
5040,99
5041,99
5042,99
5043,99
5044,99
5045,99
5046,99
5047,99
5048,99
5049,99
5050,99
5051,99
5052,99
5053,99
5054,99
5055,99
5056,99
5057,99
5058,99
5059,99
5060,99
5061,99
5062,99
5063,99
5064,99
5065,99
5066,99
5067,99
5068,99
5069,99
5070,99
5071,99
5072,99
5073,99
5074,99
5075,99
5076,99
5077,99
5078,99
5079,99
5080,99
5081,99
5082,99
5083,99
5084,99
5085,99
5086,99
5087,99
5088,99
5089,99
5090,99
5091,100
5092,100
5093,100
5094,100
5095,100
5096,100
5097,100
5098,100
5099,100
5100,100
5101,100
5102,100
5103,100
5104,100
5105,100
5106,100
5107,100
5108,100
5109,100
5110,100
5111,100
5112,100
5113,100
5114,100
5115,100
5116,100
5117,100
5118,100
5119,100
5120,100
5121,100
5122,100
5123,100
5124,100
5125,100
5126,100
5127,100
5128,100
5129,100
5130,100
5131,100
5132,100
5133,100
5134,100
5135,100
5136,100
5137,100
5138,101
5139,101
5140,101
5141,101
5142,101
5143,101
5144,101
5145,101
5146,101
5147,101
5148,101
5149,101
5150,101
5151,101
5152,101
5153,101
5154,101
5155,101
5156,101
5157,101
5158,101
5159,101
5160,101
5161,101
5162,101
5163,101
5164,101
5165,101
5166,101
5167,101
5168,101
5169,101
5170,101
5171,101
5172,101
5173,101
5174,101
5175,101
5176,101
5177,101
5178,101
5179,101
5180,101
5181,101
5182,101
5183,101
5184,101
5185,101
5186,101
5187,101
5188,101
5189,101
5190,101
5191,101
5192,101
5193,102
5194,102
5195,102
5196,102
5197,102
5198,102
5199,102
5200,102
5201,102
5202,102
5203,102
5204,102
5205,102
5206,102
5207,102
5208,102
5209,102
5210,102
5211,102
5212,102
5213,102
5214,102
5215,102
5216,102
5217,102
5218,102
5219,102
5220,102
5221,102
5222,102
5223,102
5224,102
5225,102
5226,102
5227,102
5228,102
5229,102
5230,102
5231,102
5232,102
5233,102
5234,102
5235,102
5236,102
5237,102
5238,102
5239,102
5240,103
5241,103
5242,103
5243,103
5244,103
5245,103
5246,103
5247,103
5248,103
5249,103
5250,103
5251,103
5252,103
5253,103
5254,103
5255,103
5256,103
5257,103
5258,103
5259,103
5260,103
5261,103
5262,103
5263,103
5264,103
5265,103
5266,103
5267,103
5268,103
5269,103
5270,103
5271,103
5272,103
5273,103
5274,103
5275,103
5276,103
5277,103
5278,103
5279,103
5280,103
5281,103
5282,103
5283,103
5284,103
5285,104
5286,104
5287,104
5288,104
5289,104
5290,104
5291,104
5292,104
5293,104
5294,104
5295,104
5296,104
5297,104
5298,104
5299,104
5300,104
5301,104
5302,104
5303,104
5304,104
5305,104
5306,104
5307,104
5308,104
5309,104
5310,104
5311,104
5312,104
5313,104
5314,104
5315,104
5316,104
5317,104
5318,104
5319,104
5320,104
5321,104
5322,104
5323,104
5324,104
5325,105
5326,105
5327,105
5328,105
5329,105
5330,105
5331,105
5332,105
5333,105
5334,105
5335,105
5336,105
5337,105
5338,105
5339,105
5340,105
5341,105
5342,105
5343,105
5344,105
5345,105
5346,105
5347,105
5348,105
5349,105
5350,105
5351,105
5352,105
5353,105
5354,105
5355,105
5356,105
5357,105
5358,105
5359,105
5360,105
5361,105
5362,105
5363,105
5364,105
5365,105
5366,105
5367,106
5368,106
5369,106
5370,106
5371,106
5372,106
5373,106
5374,106
5375,106
5376,106
5377,106
5378,106
5379,106
5380,106
5381,106
5382,106
5383,106
5384,106
5385,106
5386,106
5387,106
5388,106
5389,106
5390,106
5391,106
5392,106
5393,106
5394,106
5395,106
5396,106
5397,106
5398,106
5399,106
5400,106
5401,106
5402,106
5403,106
5404,106
5405,106
5406,106
5407,107
5408,107
5409,107
5410,107
5411,107
5412,107
5413,107
5414,107
5415,107
5416,107
5417,107
5418,107
5419,107
5420,107
5421,107
5422,107
5423,107
5424,107
5425,107
5426,107
5427,107
5428,107
5429,107
5430,107
5431,107
5432,107
5433,107
5434,107
5435,107
5436,107
5437,107
5438,107
5439,107
5440,107
5441,107
5442,107
5443,107
5444,107
5445,108
5446,108
5447,108
5448,108
5449,108
5450,108
5451,108
5452,108
5453,108
5454,108
5455,108
5456,108
5457,108
5458,108
5459,108
5460,108
5461,108
5462,108
5463,108
5464,108
5465,108
5466,108
5467,108
5468,108
5469,108
5470,108
5471,108
5472,108
5473,108
5474,108
5475,108
5476,108
5477,108
5478,109
5479,109
5480,109
5481,109
5482,109
5483,109
5484,109
5485,109
5486,109
5487,109
5488,109
5489,109
5490,109
5491,109
5492,109
5493,109
5494,109
5495,109
5496,109
5497,109
5498,109
5499,109
5500,109
5501,109
5502,109
5503,109
5504,109
5505,109
5506,109
5507,109
5508,109
5509,109
5510,109
5511,109
5512,109
5513,110
5514,110
5515,110
5516,110
5517,110
5518,110
5519,110
5520,110
5521,110
5522,110
5523,110
5524,110
5525,110
5526,110
5527,110
5528,110
5529,110
5530,110
5531,110
5532,110
5533,110
5534,110
5535,110
5536,110
5537,110
5538,110
5539,110
5540,110
5541,110
5542,110
5543,110
5544,110
5545,110
5546,111
5547,111
5548,111
5549,111
5550,111
5551,111
5552,111
5553,111
5554,111
5555,111
5556,111
5557,111
5558,111
5559,111
5560,111
5561,111
5562,111
5563,111
5564,111
5565,111
5566,111
5567,111
5568,111
5569,111
5570,111
5571,111
5572,111
5573,111
5574,111
5575,111
5576,111
5577,111
5578,112
5579,112
5580,112
5581,112
5582,112
5583,112
5584,112
5585,112
5586,112
5587,112
5588,112
5589,112
5590,112
5591,112
5592,112
5593,112
5594,112
5595,112
5596,112
5597,112
5598,112
5599,112
5600,112
5601,112
5602,112
5603,112
5604,112
5605,112
5606,113
5607,113
5608,113
5609,113
5610,113
5611,113
5612,113
5613,113
5614,113
5615,113
5616,113
5617,113
5618,113
5619,113
5620,113
5621,113
5622,113
5623,113
5624,113
5625,113
5626,113
5627,113
5628,113
5629,113
5630,113
5631,113
5632,113
5633,113
5634,113
5635,114
5636,114
5637,114
5638,114
5639,114
5640,114
5641,114
5642,114
5643,114
5644,114
5645,114
5646,114
5647,114
5648,114
5649,114
5650,114
5651,114
5652,114
5653,114
5654,114
5655,114
5656,114
5657,114
5658,114
5659,114
5660,114
5661,114
5662,114
5663,114
5664,115
5665,115
5666,115
5667,115
5668,115
5669,115
5670,115
5671,115
5672,115
5673,115
5674,115
5675,115
5676,115
5677,115
5678,115
5679,115
5680,115
5681,115
5682,115
5683,115
5684,115
5685,115
5686,115
5687,115
5688,115
5689,116
5690,116
5691,116
5692,116
5693,116
5694,116
5695,116
5696,116
5697,116
5698,116
5699,116
5700,116
5701,116
5702,116
5703,116
5704,116
5705,116
5706,116
5707,116
5708,116
5709,116
5710,116
5711,116
5712,116
5713,116
5714,117
5715,117
5716,117
5717,117
5718,117
5719,117
5720,117
5721,117
5722,117
5723,117
5724,117
5725,117
5726,117
5727,117
5728,117
5729,117
5730,117
5731,117
5732,117
5733,117
5734,117
5735,117
5736,117
5737,117
5738,118
5739,118
5740,118
5741,118
5742,118
5743,118
5744,118
5745,118
5746,118
5747,118
5748,118
5749,118
5750,118
5751,118
5752,118
5753,118
5754,118
5755,118
5756,118
5757,118
5758,118
5759,118
5760,119
5761,119
5762,119
5763,119
5764,119
5765,119
5766,119
5767,119
5768,119
5769,119
5770,119
5771,119
5772,119
5773,119
5774,119
5775,119
5776,119
5777,119
5778,119
5779,119
5780,119
5781,119
5782,119
5783,120
5784,120
5785,120
5786,120
5787,120
5788,120
5789,120
5790,120
5791,120
5792,120
5793,120
5794,120
5795,120
5796,120
5797,120
5798,120
5799,120
5800,120
5801,120
5802,120
5803,120
5804,121
5805,121
5806,121
5807,121
5808,121
5809,121
5810,121
5811,121
5812,121
5813,121
5814,121
5815,121
5816,121
5817,121
5818,121
5819,121
5820,121
5821,121
5822,121
5823,121
5824,121
5825,122
5826,122
5827,122
5828,122
5829,122
5830,122
5831,122
5832,122
5833,122
5834,122
5835,122
5836,122
5837,122
5838,122
5839,122
5840,122
5841,123
5842,123
5843,123
5844,123
5845,123
5846,123
5847,123
5848,123
5849,123
5850,123
5851,123
5852,123
5853,123
5854,123
5855,123
5856,123
5857,123
5858,123
5859,124
5860,124
5861,124
5862,124
5863,124
5864,124
5865,124
5866,124
5867,124
5868,124
5869,124
5870,124
5871,124
5872,124
5873,124
5874,124
5875,124
5876,124
5877,124
5878,124
5879,124
5880,124
5881,124
5882,124
5883,125
5884,125
5885,125
5886,125
5887,125
5888,125
5889,125
5890,125
5891,125
5892,125
5893,125
5894,125
5895,125
5896,125
5897,125
5898,125
5899,126
5900,126
5901,126
5902,126
5903,126
5904,126
5905,126
5906,126
5907,126
5908,126
5909,126
5910,126
5911,126
5912,126
5913,126
5914,127
5915,127
5916,127
5917,127
5918,127
5919,127
5920,127
5921,127
5922,127
5923,127
5924,127
5925,127
5926,127
5927,127
5928,127
5929,128
5930,128
5931,128
5932,128
5933,128
5934,128
5935,128
5936,128
5937,128
5938,128
5939,128
5940,128
5941,128
5942,128
5943,129
5944,129
5945,129
5946,129
5947,129
5948,129
5949,129
5950,129
5951,129
5952,129
5953,129
5954,129
5955,129
5956,129
5957,130
5958,130
5959,130
5960,130
5961,130
5962,130
5963,130
5964,130
5965,130
5966,130
5967,130
5968,130
5969,130
5970,131
5971,131
5972,131
5973,131
5974,131
5975,131
5976,131
5977,131
5978,131
5979,131
5980,131
5981,131
5982,131
5983,132
5984,132
5985,132
5986,132
5987,132
5988,132
5989,132
5990,132
5991,132
5992,132
5993,132
5994,132
5995,133
5996,133
5997,133
5998,133
5999,133
6000,133
6001,133
6002,133
6003,133
6004,133
6005,133
6006,134
6007,134
6008,134
6009,134
6010,134
6011,134
6012,134
6013,134
6014,134
6015,134
6016,134
6017,135
6018,135
6019,135
6020,135
6021,135
6022,135
6023,135
6024,135
6025,135
6026,135
6027,136
6028,136
6029,136
6030,136
6031,136
6032,136
6033,136
6034,136
6035,136
6036,137
6037,137
6038,137
6039,137
6040,137
6041,137
6042,137
6043,137
6044,137
6045,138
6046,138
6047,138
6048,138
6049,138
6050,138
6051,138
6052,138
6053,138
6054,139
6055,139
6056,139
6057,139
6058,139
6059,139
6060,139
6061,139
6062,140
6063,140
6064,140
6065,140
6066,140
6067,140
6068,141
6069,141
6070,141
6071,141
6072,141
6073,141
6074,141
6075,141
6076,142
6077,142
6078,142
6079,142
6080,142
6081,142
6082,143
6083,143
6084,143
6085,143
6086,143
6087,144
6088,144
6089,144
6090,144
6091,144
6092,144
6093,144
6094,145
6095,145
6096,145
6097,145
6098,146
6099,146
6100,146
6101,146
6102,147
6103,147
6104,147
6105,147
6106,147
6107,148
6108,148
6109,148
6110,148
6111,149
6112,149
6113,149
6114,150
6115,150
