#Idx,Group
1,1
2,1
3,1
4,1
5,1
6,1
7,1
8,1
9,1
10,1
11,1
12,1
13,1
14,1
15,1
16,1
17,1
18,1
19,1
20,1
21,1
22,1
23,1
24,1
25,2
26,2
27,2
28,2
29,2
30,2
31,2
32,2
33,2
34,2
35,2
36,2
37,2
38,2
39,2
40,2
41,2
42,2
43,2
44,3
45,3
46,2
47,3
48,3
49,3
50,3
51,3
52,3
53,3
54,3
55,3
56,3
57,3
58,3
59,3
60,3
61,3
62,3
63,3
64,3
65,3
66,3
67,3
68,3
69,4
70,3
71,4
72,4
73,4
74,4
75,4
76,4
77,4
78,4
79,4
80,4
81,4
82,4
83,4
84,4
85,4
86,4
87,4
88,4
89,4
90,4
91,4
92,4
93,4
94,4
95,4
96,4
97,5
98,4
99,4
100,5
101,5
102,5
103,5
104,5
105,4
106,5
107,5
108,5
109,5
110,5
111,5
112,5
113,5
114,5
115,5
116,5
117,5
118,5
119,5
120,5
121,5
122,5
123,5
124,5
125,5
126,6
127,5
128,5
129,6
130,6
131,6
132,5
133,6
134,6
135,5
136,6
137,6
138,6
139,6
140,6
141,6
142,6
143,6
144,6
145,6
146,6
147,6
148,6
149,6
150,6
151,6
152,6
153,6
154,6
155,6
156,6
157,6
158,6
159,6
160,6
161,6
162,6
163,7
164,6
165,6
166,6
167,7
168,7
169,7
170,6
171,7
172,6
173,7
174,7
175,7
176,7
177,7
178,7
179,6
180,7
181,7
182,7
183,7
184,7
185,6
186,7
187,7
188,7
189,7
190,7
191,6
192,7
193,7
194,7
195,7
196,7
197,7
198,8
199,7
200,8
201,7
202,8
203,8
204,8
205,8
206,8
207,8
208,7
209,8
210,8
211,8
212,8
213,8
214,8
215,8
216,7
217,8
218,8
219,8
220,8
221,7
222,8
223,8
224,8
225,8
226,7
227,8
228,8
229,8
230,7
231,8
232,8
233,8
234,8
235,8
236,8
237,8
238,8
239,8
240,7
241,9
242,8
243,8
244,9
245,8
246,9
247,9
248,7
249,8
250,9
251,8
252,9
253,9
254,9
255,8
256,8
257,9
258,9
259,9
260,9
261,9
262,9
263,8
264,8
265,9
266,9
267,9
268,9
269,8
270,9
271,9
272,8
273,9
274,10
275,10
276,10
277,9
278,10
279,10
280,10
281,9
282,10
283,9
284,10
285,10
286,10
287,10
288,8
289,10
290,9
291,10
292,10
293,10
294,10
295,10
296,9
297,10
298,10
299,10
300,10
301,9
302,8
303,10
304,10
305,10
306,9
307,10
308,10
309,10
310,9
311,10
312,9
313,10
314,10
315,10
316,9
317,10
318,10
319,10
320,10
321,10
322,10
323,9
324,10
325,9
326,10
327,10
328,10
329,11
330,10
331,11
332,9
333,10
334,9
335,10
336,11
337,11
338,11
339,11
340,10
341,10
342,11
343,9
344,10
345,11
346,11
347,11
348,10
349,11
350,11
351,10
352,9
353,11
354,11
355,11
356,11
357,11
358,11
359,11
360,11
361,11
362,11
363,11
364,10
365,11
366,11
367,11
368,11
369,10
370,11
371,11
372,11
373,11
374,9
375,12
376,12
377,10
378,11
379,12
380,11
381,12
382,11
383,12
384,10
385,12
386,12
387,10
388,11
389,12
390,12
391,12
392,11
393,12
394,12
395,10
396,12
397,12
398,12
399,11
400,10
401,11
402,12
403,12
404,12
405,12
406,10
407,12
408,12
409,11
410,11
411,12
412,10
413,12
414,12
415,12
416,11
417,12
418,12
419,12
420,11
421,12
422,13
423,10
424,12
425,12
426,13
427,12
428,11
429,11
430,13
431,13
432,12
433,13
434,10
435,12
436,13
437,11
438,13
439,13
440,13
441,11
442,13
443,13
444,13
445,13
446,12
447,13
448,13
449,13
450,13
451,13
452,12
453,13
454,13
455,11
456,13
457,13
458,12
459,13
460,13
461,13
462,11
463,13
464,13
465,13
466,12
467,13
468,13
469,13
470,13
471,13
472,12
473,11
474,13
475,11
476,13
477,13
478,12
479,13
480,14
481,13
482,14
483,14
484,12
485,13
486,14
487,11
488,13
489,12
490,14
491,13
492,14
493,13
494,14
495,14
496,12
497,14
498,13
499,13
500,14
501,14
502,11
503,14
504,12
505,14
506,13
507,14
508,14
509,12
510,14
511,13
512,14
513,14
514,12
515,12
516,14
517,14
518,13
519,13
520,13
521,14
522,14
523,14
524,14
525,14
526,12
527,14
528,12
529,15
530,15
531,15
532,15
533,13
534,15
535,15
536,13
537,15
538,15
539,14
540,15
541,15
542,15
543,15
544,15
545,14
546,15
547,15
548,15
549,12
550,15
551,15
552,14
553,13
554,12
555,15
556,13
557,15
558,15
559,14
560,15
561,15
562,15
563,14
564,15
565,15
566,14
567,13
568,15
569,15
570,13
571,15
572,14
573,12
574,15
575,15
576,15
577,15
578,15
579,15
580,14
581,14
582,15
583,13
584,15
585,15
586,13
587,15
588,15
589,12
590,15
591,16
592,14
593,15
594,14
595,16
596,15
597,16
598,13
599,13
600,16
601,16
602,13
603,16
604,15
605,15
606,14
607,15
608,16
609,16
610,14
611,16
612,13
613,16
614,15
615,15
616,16
617,16
618,14
619,13
620,16
621,16
622,15
623,16
624,14
625,16
626,16
627,16
628,16
629,16
630,13
631,16
632,16
633,15
634,16
635,14
636,16
637,16
638,16
639,16
640,16
641,16
642,16
643,15
644,13
645,16
646,16
647,17
648,16
649,16
650,14
651,15
652,17
653,14
654,17
655,15
656,17
657,17
658,16
659,16
660,17
661,17
662,16
663,17
664,13
665,15
666,17
667,14
668,17
669,17
670,17
671,16
672,15
673,14
674,16
675,17
676,17
677,17
678,17
679,15
680,17
681,17
682,16
683,13
684,16
685,14
686,15
687,17
688,17
689,14
690,17
691,17
692,16
693,17
694,16
695,16
696,17
697,17
698,17
699,15
700,15
701,14
702,17
703,17
704,17
705,17
706,14
707,16
708,16
709,18
710,17
711,18
712,17
713,15
714,15
715,17
716,18
717,14
718,18
719,16
720,16
721,15
722,18
723,17
724,18
725,17
726,18
727,18
728,18
729,18
730,18
731,18
732,16
733,18
734,18
735,15
736,17
737,18
738,17
739,18
740,16
741,18
742,18
743,18
744,14
745,18
746,17
747,18
748,15
749,18
750,18
751,18
752,18
753,18
754,17
755,16
756,18
757,18
758,15
759,16
760,18
761,17
762,18
763,18
764,18
765,18
766,18
767,14
768,18
769,15
770,17
771,18
772,18
773,16
774,18
775,17
776,16
777,19
778,18
779,16
780,18
781,19
782,18
783,17
784,19
785,19
786,18
787,15
788,18
789,19
790,15
791,16
792,17
793,18
794,19
795,19
796,16
797,19
798,17
799,18
800,18
801,19
802,19
803,19
804,17
805,16
806,19
807,15
808,15
809,19
810,19
811,18
812,19
813,17
814,18
815,16
816,19
817,19
818,19
819,17
820,18
821,17
822,19
823,19
824,18
825,16
826,18
827,15
828,19
829,19
830,16
831,19
832,20
833,20
834,20
835,19
836,20
837,19
838,20
839,20
840,20
841,17
842,20
843,18
844,20
845,17
846,19
847,20
848,19
849,20
850,18
851,20
852,20
853,19
854,16
855,20
856,20
857,15
858,16
859,20
860,20
861,19
862,20
863,18
864,20
865,17
866,20
867,18
868,17
869,20
870,19
871,20
872,20
873,20
874,19
875,20
876,16
877,18
878,20
879,20
880,20
881,17
882,16
883,18
884,19
885,20
886,18
887,19
888,20
889,17
890,20
891,20
892,20
893,19
894,20
895,19
896,20
897,20
898,16
899,20
900,18
901,17
902,18
903,20
904,20
905,16
906,20
907,17
908,20
909,19
910,20
911,20
912,19
913,21
914,21
915,18
916,18
917,21
918,20
919,17
920,17
921,20
922,21
923,19
924,19
925,16
926,18
927,21
928,21
929,20
930,21
931,20
932,19
933,21
934,18
935,20
936,21
937,19
938,17
939,21
940,17
941,21
942,21
943,21
944,21
945,21
946,18
947,21
948,21
949,20
950,21
951,21
952,16
953,21
954,21
955,19
956,21
957,21
958,20
959,21
960,21
961,21
962,18
963,19
964,21
965,21
966,21
967,20
968,21
969,17
970,21
971,17
972,21
973,21
974,18
975,21
976,20
977,21
978,19
979,21
980,17
981,19
982,21
983,20
984,19
985,21
986,22
987,21
988,22
989,22
990,22
991,21
992,20
993,18
994,22
995,18
996,21
997,17
998,19
999,21
1000,22
1001,20
1002,22
1003,21
1004,19
1005,22
1006,17
1007,22
1008,20
1009,22
1010,21
1011,21
1012,22
1013,22
1014,22
1015,19
1016,18
1017,20
1018,18
1019,22
1020,17
1021,19
1022,21
1023,22
1024,22
1025,20
1026,22
1027,21
1028,22
1029,17
1030,22
1031,20
1032,20
1033,22
1034,22
1035,21
1036,19
1037,18
1038,21
1039,21
1040,22
1041,22
1042,19
1043,18
1044,22
1045,22
1046,22
1047,22
1048,20
1049,20
1050,23
1051,21
1052,17
1053,21
1054,22
1055,23
1056,23
1057,23
1058,23
1059,22
1060,19
1061,23
1062,23
1063,18
1064,23
1065,23
1066,22
1067,19
1068,23
1069,23
1070,23
1071,23
1072,18
1073,23
1074,22
1075,20
1076,23
1077,21
1078,23
1079,20
1080,21
1081,23
1082,23
1083,22
1084,23
1085,23
1086,23
1087,18
1088,22
1089,19
1090,23
1091,23
1092,19
1093,20
1094,21
1095,23
1096,21
1097,23
1098,23
1099,23
1100,22
1101,21
1102,18
1103,20
1104,22
1105,23
1106,23
1107,23
1108,23
1109,22
1110,23
1111,19
1112,22
1113,23
1114,20
1115,23
1116,23
1117,21
1118,18
1119,19
1120,21
1121,23
1122,23
1123,20
1124,23
1125,23
1126,22
1127,18
1128,23
1129,22
1130,23
1131,23
1132,23
1133,21
1134,21
1135,24
1136,20
1137,20
1138,24
1139,24
1140,23
1141,23
1142,19
1143,18
1144,21
1145,22
1146,22
1147,24
1148,24
1149,19
1150,23
1151,24
1152,22
1153,21
1154,23
1155,24
1156,23
1157,24
1158,20
1159,20
1160,22
1161,21
1162,24
1163,24
1164,19
1165,24
1166,23
1167,18
1168,22
1169,24
1170,23
1171,21
1172,24
1173,24
1174,24
1175,24
1176,24
1177,22
1178,24
1179,24
1180,19
1181,24
1182,24
1183,24
1184,24
1185,20
1186,23
1187,24
1188,20
1189,24
1190,21
1191,24
1192,24
1193,24
1194,24
1195,24
1196,23
1197,22
1198,20
1199,24
1200,24
1201,22
1202,22
1203,24
1204,23
1205,19
1206,24
1207,24
1208,24
1209,24
1210,24
1211,21
1212,25
1213,19
1214,23
1215,21
1216,20
1217,25
1218,24
1219,25
1220,22
1221,24
1222,23
1223,25
1224,24
1225,22
1226,25
1227,20
1228,25
1229,24
1230,25
1231,23
1232,19
1233,25
1234,25
1235,24
1236,24
1237,21
1238,22
1239,21
1240,25
1241,23
1242,25
1243,19
1244,20
1245,25
1246,25
1247,22
1248,23
1249,24
1250,25
1251,24
1252,25
1253,25
1254,20
1255,25
1256,23
1257,23
1258,21
1259,25
1260,25
1261,22
1262,19
1263,25
1264,24
1265,24
1266,24
1267,21
1268,25
1269,22
1270,20
1271,25
1272,25
1273,25
1274,25
1275,23
1276,20
1277,23
1278,25
1279,25
1280,24
1281,24
1282,22
1283,21
1284,25
1285,25
1286,22
1287,25
1288,25
1289,19
1290,21
1291,26
1292,23
1293,26
1294,20
1295,26
1296,26
1297,26
1298,24
1299,26
1300,25
1301,23
1302,26
1303,25
1304,26
1305,26
1306,24
1307,26
1308,26
1309,21
1310,25
1311,26
1312,22
1313,26
1314,26
1315,22
1316,26
1317,26
1318,23
1319,25
1320,26
1321,24
1322,26
1323,24
1324,26
1325,21
1326,24
1327,26
1328,25
1329,23
1330,20
1331,26
1332,26
1333,26
1334,25
1335,20
1336,26
1337,26
1338,25
1339,22
1340,26
1341,26
1342,21
1343,23
1344,26
1345,22
1346,25
1347,24
1348,24
1349,26
1350,26
1351,26
1352,23
1353,26
1354,26
1355,21
1356,25
1357,26
1358,26
1359,25
1360,20
1361,26
1362,26
1363,20
1364,26
1365,22
1366,24
1367,24
1368,23
1369,26
1370,26
1371,22
1372,21
1373,23
1374,26
1375,26
1376,25
1377,26
1378,26
1379,25
1380,27
1381,22
1382,27
1383,25
1384,27
1385,24
1386,26
1387,26
1388,23
1389,23
1390,20
1391,27
1392,25
1393,25
1394,21
1395,27
1396,24
1397,22
1398,27
1399,21
1400,26
1401,26
1402,27
1403,25
1404,27
1405,24
1406,26
1407,22
1408,25
1409,27
1410,27
1411,23
1412,27
1413,23
1414,26
1415,24
1416,27
1417,27
1418,27
1419,27
1420,27
1421,20
1422,27
1423,22
1424,21
1425,27
1426,25
1427,27
1428,26
1429,27
1430,27
1431,27
1432,27
1433,21
1434,24
1435,27
1436,25
1437,27
1438,26
1439,27
1440,27
1441,27
1442,27
1443,22
1444,24
1445,27
1446,27
1447,23
1448,24
1449,27
1450,27
1451,26
1452,25
1453,27
1454,27
1455,26
1456,26
1457,27
1458,27
1459,23
1460,25
1461,27
1462,27
1463,21
1464,21
1465,28
1466,22
1467,27
1468,27
1469,26
1470,28
1471,24
1472,27
1473,24
1474,28
1475,27
1476,25
1477,22
1478,28
1479,23
1480,26
1481,28
1482,27
1483,25
1484,28
1485,28
1486,26
1487,23
1488,27
1489,28
1490,27
1491,28
1492,28
1493,28
1494,21
1495,21
1496,25
1497,26
1498,22
1499,24
1500,24
1501,28
1502,27
1503,24
1504,28
1505,28
1506,23
1507,25
1508,26
1509,27
1510,28
1511,28
1512,28
1513,23
1514,26
1515,28
1516,26
1517,27
1518,28
1519,27
1520,25
1521,24
1522,27
1523,28
1524,28
1525,22
1526,25
1527,22
1528,28
1529,21
1530,24
1531,28
1532,27
1533,28
1534,23
1535,26
1536,27
1537,28
1538,26
1539,28
1540,27
1541,23
1542,28
1543,28
1544,25
1545,28
1546,29
1547,29
1548,29
1549,24
1550,29
1551,29
1552,25
1553,29
1554,29
1555,29
1556,28
1557,29
1558,28
1559,27
1560,26
1561,29
1562,24
1563,22
1564,29
1565,22
1566,27
1567,29
1568,26
1569,29
1570,21
1571,28
1572,23
1573,29
1574,29
1575,29
1576,28
1577,29
1578,29
1579,25
1580,24
1581,29
1582,27
1583,26
1584,25
1585,29
1586,29
1587,27
1588,29
1589,28
1590,27
1591,29
1592,28
1593,26
1594,29
1595,24
1596,29
1597,29
1598,29
1599,23
1600,22
1601,28
1602,29
1603,23
1604,28
1605,29
1606,28
1607,22
1608,25
1609,29
1610,27
1611,26
1612,27
1613,29
1614,24
1615,25
1616,29
1617,29
1618,26
1619,29
1620,28
1621,29
1622,28
1623,29
1624,24
1625,29
1626,29
1627,29
1628,27
1629,27
1630,23
1631,25
1632,26
1633,29
1634,22
1635,29
1636,24
1637,29
1638,29
1639,28
1640,28
1641,25
1642,26
1643,22
1644,24
1645,30
1646,29
1647,29
1648,30
1649,29
1650,27
1651,27
1652,25
1653,30
1654,28
1655,30
1656,28
1657,26
1658,26
1659,29
1660,30
1661,27
1662,30
1663,23
1664,29
1665,24
1666,25
1667,23
1668,30
1669,28
1670,24
1671,29
1672,29
1673,27
1674,30
1675,22
1676,28
1677,30
1678,30
1679,30
1680,30
1681,30
1682,30
1683,29
1684,30
1685,25
1686,30
1687,26
1688,30
1689,30
1690,30
1691,26
1692,30
1693,30
1694,27
1695,30
1696,29
1697,30
1698,28
1699,30
1700,30
1701,28
1702,25
1703,29
1704,30
1705,27
1706,30
1707,23
1708,24
1709,30
1710,30
1711,30
1712,23
1713,25
1714,30
1715,30
1716,29
1717,30
1718,27
1719,30
1720,30
1721,23
1722,25
1723,27
1724,29
1725,28
1726,26
1727,30
1728,28
1729,30
1730,30
1731,30
1732,28
1733,30
1734,26
1735,30
1736,29
1737,30
1738,29
1739,31
1740,30
1741,24
1742,24
1743,30
1744,25
1745,31
1746,28
1747,29
1748,27
1749,27
1750,31
1751,23
1752,31
1753,26
1754,25
1755,28
1756,30
1757,29
1758,31
1759,30
1760,30
1761,31
1762,23
1763,31
1764,26
1765,29
1766,31
1767,28
1768,31
1769,31
1770,30
1771,27
1772,27
1773,30
1774,29
1775,24
1776,31
1777,25
1778,24
1779,31
1780,28
1781,27
1782,31
1783,31
1784,26
1785,24
1786,30
1787,29
1788,31
1789,31
1790,28
1791,30
1792,26
1793,29
1794,23
1795,31
1796,31
1797,28
1798,31
1799,27
1800,30
1801,28
1802,31
1803,25
1804,27
1805,29
1806,31
1807,25
1808,30
1809,31
1810,31
1811,31
1812,31
1813,24
1814,31
1815,31
1816,29
1817,31
1818,30
1819,26
1820,31
1821,31
1822,30
1823,31
1824,31
1825,24
1826,31
1827,31
1828,31
1829,31
1830,26
1831,28
1832,32
1833,31
1834,30
1835,28
1836,32
1837,27
1838,32
1839,29
1840,23
1841,31
1842,31
1843,30
1844,32
1845,32
1846,29
1847,31
1848,32
1849,27
1850,32
1851,25
1852,25
1853,32
1854,32
1855,32
1856,30
1857,26
1858,25
1859,32
1860,31
1861,28
1862,31
1863,28
1864,29
1865,32
1866,32
1867,30
1868,27
1869,28
1870,24
1871,32
1872,32
1873,29
1874,32
1875,32
1876,30
1877,31
1878,31
1879,27
1880,32
1881,32
1882,24
1883,32
1884,32
1885,30
1886,30
1887,26
1888,25
1889,28
1890,29
1891,26
1892,32
1893,31
1894,32
1895,32
1896,25
1897,31
1898,28
1899,31
1900,29
1901,27
1902,32
1903,32
1904,32
1905,24
1906,32
1907,30
1908,32
1909,27
1910,30
1911,32
1912,31
1913,32
1914,31
1915,29
1916,28
1917,32
1918,32
1919,29
1920,24
1921,26
1922,26
1923,25
1924,32
1925,28
1926,32
1927,32
1928,27
1929,30
1930,31
1931,25
1932,32
1933,30
1934,32
1935,31
1936,32
1937,28
1938,33
1939,32
1940,29
1941,25
1942,29
1943,30
1944,33
1945,33
1946,32
1947,33
1948,33
1949,33
1950,33
1951,33
1952,31
1953,33
1954,31
1955,33
1956,28
1957,33
1958,31
1959,26
1960,33
1961,33
1962,27
1963,30
1964,32
1965,33
1966,33
1967,26
1968,24
1969,33
1970,27
1971,32
1972,33
1973,33
1974,33
1975,32
1976,25
1977,29
1978,33
1979,28
1980,33
1981,30
1982,29
1983,33
1984,31
1985,32
1986,33
1987,31
1988,32
1989,33
1990,30
1991,33
1992,33
1993,25
1994,33
1995,28
1996,33
1997,32
1998,27
1999,32
2000,33
2001,26
2002,33
2003,33
2004,27
2005,33
2006,31
2007,33
2008,29
2009,26
2010,31
2011,30
2012,33
2013,24
2014,33
2015,29
2016,28
2017,30
2018,33
2019,32
2020,33
2021,26
2022,32
2023,33
2024,33
2025,33
2026,29
2027,33
2028,31
2029,31
2030,33
2031,25
2032,33
2033,33
2034,30
2035,30
2036,33
2037,27
2038,32
2039,32
2040,27
2041,28
2042,31
2043,34
2044,29
2045,33
2046,26
2047,28
2048,33
2049,34
2050,33
2051,32
2052,25
2053,34
2054,31
2055,32
2056,34
2057,26
2058,29
2059,32
2060,33
2061,30
2062,34
2063,30
2064,34
2065,33
2066,31
2067,34
2068,27
2069,29
2070,28
2071,25
2072,32
2073,33
2074,33
2075,27
2076,34
2077,31
2078,32
2079,28
2080,34
2081,33
2082,26
2083,34
2084,34
2085,34
2086,34
2087,34
2088,34
2089,34
2090,29
2091,34
2092,34
2093,30
2094,34
2095,31
2096,34
2097,30
2098,33
2099,34
2100,25
2101,34
2102,32
2103,26
2104,34
2105,32
2106,33
2107,34
2108,34
2109,31
2110,34
2111,30
2112,34
2113,34
2114,34
2115,28
2116,28
2117,34
2118,29
2119,33
2120,34
2121,27
2122,34
2123,34
2124,26
2125,33
2126,34
2127,31
2128,34
2129,31
2130,32
2131,33
2132,29
2133,34
2134,27
2135,30
2136,34
2137,34
2138,34
2139,32
2140,34
2141,33
2142,34
2143,34
2144,30
2145,33
2146,35
2147,26
2148,25
2149,34
2150,35
2151,34
2152,33
2153,32
2154,28
2155,28
2156,31
2157,31
2158,29
2159,35
2160,34
2161,27
2162,34
2163,33
2164,30
2165,35
2166,35
2167,34
2168,32
2169,29
2170,26
2171,35
2172,27
2173,35
2174,33
2175,35
2176,35
2177,30
2178,34
2179,32
2180,34
2181,35
2182,33
2183,31
2184,35
2185,31
2186,27
2187,35
2188,35
2189,32
2190,29
2191,29
2192,26
2193,28
2194,34
2195,31
2196,35
2197,35
2198,30
2199,33
2200,28
2201,34
2202,33
2203,35
2204,33
2205,35
2206,35
2207,30
2208,26
2209,34
2210,32
2211,35
2212,27
2213,31
2214,32
2215,35
2216,35
2217,34
2218,35
2219,33
2220,31
2221,34
2222,35
2223,35
2224,29
2225,35
2226,33
2227,29
2228,35
2229,34
2230,35
2231,35
2232,35
2233,27
2234,28
2235,35
2236,35
2237,30
2238,35
2239,35
2240,35
2241,26
2242,35
2243,35
2244,34
2245,28
2246,32
2247,35
2248,30
2249,32
2250,35
2251,35
2252,33
2253,31
2254,35
2255,35
2256,36
2257,34
2258,35
2259,36
2260,33
2261,26
2262,28
2263,36
2264,36
2265,35
2266,31
2267,36
2268,34
2269,36
2270,35
2271,30
2272,29
2273,35
2274,36
2275,30
2276,36
2277,33
2278,36
2279,34
2280,32
2281,29
2282,33
2283,36
2284,27
2285,32
2286,36
2287,31
2288,36
2289,33
2290,34
2291,35
2292,28
2293,35
2294,26
2295,36
2296,36
2297,36
2298,36
2299,31
2300,34
2301,34
2302,36
2303,28
2304,36
2305,35
2306,36
2307,27
2308,33
2309,32
2310,30
2311,35
2312,34
2313,36
2314,29
2315,30
2316,33
2317,32
2318,36
2319,36
2320,29
2321,31
2322,36
2323,35
2324,34
2325,36
2326,27
2327,34
2328,36
2329,35
2330,28
2331,35
2332,31
2333,36
2334,36
2335,33
2336,26
2337,32
2338,36
2339,36
2340,36
2341,33
2342,30
2343,36
2344,34
2345,32
2346,35
2347,28
2348,31
2349,36
2350,30
2351,36
2352,35
2353,34
2354,27
2355,31
2356,36
2357,36
2358,29
2359,36
2360,36
2361,36
2362,32
2363,33
2364,37
2365,35
2366,37
2367,34
2368,37
2369,33
2370,37
2371,37
2372,28
2373,34
2374,37
2375,37
2376,29
2377,37
2378,36
2379,35
2380,37
2381,36
2382,37
2383,34
2384,36
2385,37
2386,32
2387,37
2388,37
2389,31
2390,30
2391,27
2392,37
2393,35
2394,37
2395,37
2396,31
2397,30
2398,37
2399,28
2400,36
2401,37
2402,33
2403,36
2404,35
2405,34
2406,37
2407,35
2408,32
2409,27
2410,33
2411,37
2412,29
2413,37
2414,37
2415,34
2416,37
2417,36
2418,37
2419,37
2420,36
2421,36
2422,32
2423,37
2424,29
2425,37
2426,28
2427,35
2428,37
2429,35
2430,37
2431,31
2432,31
2433,34
2434,33
2435,32
2436,37
2437,36
2438,37
2439,36
2440,36
2441,30
2442,37
2443,34
2444,33
2445,37
2446,27
2447,32
2448,29
2449,37
2450,37
2451,30
2452,37
2453,35
2454,37
2455,37
2456,35
2457,28
2458,33
2459,36
2460,36
2461,37
2462,37
2463,34
2464,34
2465,37
2466,35
2467,29
2468,37
2469,31
2470,37
2471,28
2472,32
2473,31
2474,33
2475,37
2476,37
2477,35
2478,36
2479,32
2480,35
2481,30
2482,37
2483,36
2484,38
2485,37
2486,37
2487,33
2488,29
2489,38
2490,34
2491,27
2492,30
2493,34
2494,35
2495,37
2496,38
2497,36
2498,38
2499,36
2500,28
2501,36
2502,37
2503,33
2504,35
2505,38
2506,31
2507,32
2508,38
2509,38
2510,38
2511,37
2512,38
2513,29
2514,38
2515,31
2516,38
2517,32
2518,38
2519,38
2520,38
2521,37
2522,28
2523,38
2524,38
2525,34
2526,38
2527,31
2528,35
2529,38
2530,37
2531,33
2532,36
2533,38
2534,34
2535,38
2536,36
2537,37
2538,38
2539,35
2540,38
2541,38
2542,38
2543,29
2544,38
2545,30
2546,37
2547,34
2548,38
2549,28
2550,37
2551,38
2552,38
2553,38
2554,32
2555,32
2556,38
2557,36
2558,36
2559,38
2560,33
2561,35
2562,35
2563,28
2564,31
2565,38
2566,38
2567,30
2568,34
2569,33
2570,38
2571,38
2572,36
2573,37
2574,37
2575,38
2576,31
2577,38
2578,38
2579,29
2580,38
2581,34
2582,36
2583,36
2584,38
2585,38
2586,38
2587,38
2588,37
2589,35
2590,30
2591,37
2592,35
2593,29
2594,38
2595,32
2596,36
2597,32
2598,33
2599,38
2600,38
2601,38
2602,34
2603,28
2604,38
2605,33
2606,31
2607,37
2608,39
2609,38
2610,37
2611,36
2612,28
2613,30
2614,37
2615,39
2616,38
2617,34
2618,31
2619,35
2620,39
2621,38
2622,39
2623,35
2624,29
2625,36
2626,39
2627,38
2628,38
2629,37
2630,39
2631,35
2632,33
2633,33
2634,37
2635,31
2636,36
2637,39
2638,32
2639,38
2640,30
2641,34
2642,39
2643,38
2644,39
2645,32
2646,38
2647,36
2648,34
2649,36
2650,28
2651,39
2652,35
2653,37
2654,39
2655,39
2656,39
2657,38
2658,39
2659,39
2660,37
2661,39
2662,30
2663,39
2664,39
2665,31
2666,39
2667,29
2668,36
2669,39
2670,39
2671,39
2672,35
2673,39
2674,39
2675,38
2676,39
2677,39
2678,33
2679,33
2680,29
2681,39
2682,38
2683,39
2684,34
2685,39
2686,32
2687,37
2688,36
2689,37
2690,31
2691,39
2692,36
2693,39
2694,39
2695,39
2696,35
2697,34
2698,30
2699,32
2700,39
2701,37
2702,38
2703,39
2704,39
2705,38
2706,39
2707,39
2708,39
2709,35
2710,39
2711,38
2712,39
2713,37
2714,31
2715,28
2716,30
2717,39
2718,39
2719,36
2720,39
2721,36
2722,34
2723,39
2724,38
2725,29
2726,38
2727,33
2728,34
2729,39
2730,37
2731,35
2732,33
2733,40
2734,35
2735,30
2736,39
2737,39
2738,39
2739,31
2740,38
2741,40
2742,37
2743,39
2744,32
2745,40
2746,38
2747,40
2748,35
2749,30
2750,39
2751,36
2752,40
2753,36
2754,39
2755,37
2756,40
2757,40
2758,32
2759,34
2760,38
2761,39
2762,36
2763,34
2764,31
2765,40
2766,33
2767,40
2768,38
2769,37
2770,40
2771,29
2772,35
2773,39
2774,33
2775,40
2776,29
2777,40
2778,40
2779,37
2780,35
2781,39
2782,40
2783,37
2784,31
2785,30
2786,36
2787,38
2788,32
2789,38
2790,39
2791,40
2792,40
2793,38
2794,40
2795,36
2796,30
2797,40
2798,40
2799,40
2800,40
2801,34
2802,34
2803,40
2804,40
2805,39
2806,40
2807,40
2808,40
2809,33
2810,35
2811,32
2812,40
2813,39
2814,40
2815,40
2816,37
2817,40
2818,38
2819,37
2820,39
2821,31
2822,40
2823,40
2824,35
2825,33
2826,36
2827,40
2828,40
2829,40
2830,38
2831,40
2832,29
2833,39
2834,40
2835,39
2836,40
2837,29
2838,40
2839,40
2840,36
2841,32
2842,40
2843,33
2844,40
2845,39
2846,30
2847,38
2848,40
2849,40
2850,35
2851,37
2852,37
2853,34
2854,40
2855,35
2856,40
2857,40
2858,39
2859,40
2860,31
2861,34
2862,38
2863,40
2864,37
2865,41
2866,36
2867,32
2868,41
2869,40
2870,39
2871,41
2872,33
2873,40
2874,41
2875,31
2876,38
2877,36
2878,40
2879,41
2880,39
2881,41
2882,38
2883,37
2884,41
2885,41
2886,38
2887,33
2888,40
2889,29
2890,32
2891,35
2892,41
2893,30
2894,35
2895,41
2896,37
2897,34
2898,39
2899,40
2900,41
2901,30
2902,41
2903,36
2904,39
2905,39
2906,34
2907,41
2908,41
2909,40
2910,31
2911,32
2912,36
2913,38
2914,41
2915,41
2916,33
2917,38
2918,37
2919,40
2920,41
2921,39
2922,41
2923,40
2924,31
2925,40
2926,39
2927,37
2928,41
2929,41
2930,41
2931,35
2932,36
2933,33
2934,35
2935,40
2936,36
2937,41
2938,32
2939,41
2940,40
2941,38
2942,41
2943,39
2944,38
2945,41
2946,29
2947,41
2948,34
2949,41
2950,40
2951,41
2952,30
2953,37
2954,41
2955,41
2956,37
2957,41
2958,41
2959,41
2960,31
2961,39
2962,41
2963,41
2964,41
2965,41
2966,40
2967,33
2968,41
2969,34
2970,41
2971,41
2972,31
2973,37
2974,41
2975,41
2976,41
2977,41
2978,40
2979,39
2980,36
2981,41
2982,35
2983,39
2984,38
2985,32
2986,36
2987,41
2988,41
2989,41
2990,35
2991,40
2992,42
2993,41
2994,41
2995,39
2996,38
2997,33
2998,37
2999,42
3000,41
3001,42
3002,32
3003,34
3004,40
3005,42
3006,41
3007,41
3008,39
3009,42
3010,37
3011,41
3012,42
3013,40
3014,30
3015,30
3016,39
3017,38
3018,42
3019,34
3020,31
3021,42
3022,33
3023,39
3024,42
3025,36
3026,41
3027,42
3028,36
3029,35
3030,38
3031,31
3032,40
3033,42
3034,42
3035,41
3036,37
3037,35
3038,40
3039,40
3040,42
3041,42
3042,32
3043,34
3044,41
3045,42
3046,37
3047,42
3048,39
3049,35
3050,39
3051,38
3052,42
3053,41
3054,33
3055,42
3056,42
3057,40
3058,41
3059,41
3060,42
3061,40
3062,38
3063,36
3064,37
3065,34
3066,42
3067,42
3068,36
3069,42
3070,33
3071,37
3072,31
3073,30
3074,41
3075,31
3076,39
3077,42
3078,41
3079,35
3080,42
3081,39
3082,40
3083,41
3084,38
3085,32
3086,42
3087,39
3088,42
3089,40
3090,42
3091,42
3092,42
3093,34
3094,42
3095,42
3096,32
3097,42
3098,35
3099,41
3100,42
3101,42
3102,42
3103,38
3104,42
3105,42
3106,42
3107,42
3108,42
3109,42
3110,42
3111,41
3112,37
3113,33
3114,40
3115,36
3116,42
3117,39
3118,40
3119,37
3120,42
3121,36
3122,42
3123,34
3124,42
3125,42
3126,41
3127,42
3128,40
3129,39
3130,42
3131,42
3132,38
3133,43
3134,33
3135,35
3136,42
3137,43
3138,41
3139,31
3140,43
3141,41
3142,42
3143,30
3144,31
3145,38
3146,42
3147,43
3148,42
3149,43
3150,41
3151,32
3152,40
3153,35
3154,34
3155,39
3156,43
3157,40
3158,43
3159,37
3160,33
3161,43
3162,43
3163,37
3164,37
3165,42
3166,39
3167,43
3168,41
3169,42
3170,38
3171,36
3172,43
3173,41
3174,33
3175,41
3176,43
3177,43
3178,35
3179,43
3180,42
3181,43
3182,39
3183,36
3184,40
3185,43
3186,34
3187,39
3188,40
3189,42
3190,43
3191,41
3192,43
3193,43
3194,42
3195,42
3196,41
3197,39
3198,37
3199,43
3200,35
3201,38
3202,31
3203,32
3204,43
3205,43
3206,34
3207,37
3208,31
3209,32
3210,38
3211,43
3212,42
3213,36
3214,40
3215,33
3216,42
3217,40
3218,41
3219,43
3220,43
3221,39
3222,42
3223,43
3224,40
3225,33
3226,41
3227,43
3228,35
3229,36
3230,43
3231,42
3232,39
3233,43
3234,43
3235,43
3236,43
3237,43
3238,43
3239,43
3240,43
3241,34
3242,43
3243,43
3244,42
3245,38
3246,41
3247,43
3248,37
3249,43
3250,43
3251,40
3252,41
3253,38
3254,43
3255,37
3256,43
3257,35
3258,43
3259,43
3260,42
3261,43
3262,43
3263,41
3264,40
3265,43
3266,39
3267,43
3268,35
3269,43
3270,37
3271,32
3272,31
3273,44
3274,43
3275,32
3276,42
3277,44
3278,31
3279,42
3280,43
3281,39
3282,43
3283,33
3284,44
3285,43
3286,44
3287,42
3288,35
3289,41
3290,44
3291,36
3292,40
3293,34
3294,44
3295,41
3296,38
3297,44
3298,43
3299,38
3300,43
3301,39
3302,44
3303,40
3304,42
3305,43
3306,44
3307,37
3308,34
3309,39
3310,44
3311,42
3312,42
3313,44
3314,44
3315,36
3316,43
3317,44
3318,44
3319,40
3320,37
3321,41
3322,35
3323,41
3324,40
3325,44
3326,43
3327,44
3328,42
3329,44
3330,43
3331,44
3332,43
3333,42
3334,32
3335,40
3336,33
3337,32
3338,38
3339,36
3340,39
3341,44
3342,44
3343,35
3344,33
3345,44
3346,38
3347,31
3348,39
3349,43
3350,44
3351,34
3352,37
3353,41
3354,43
3355,42
3356,41
3357,44
3358,43
3359,44
3360,40
3361,44
3362,41
3363,34
3364,42
3365,36
3366,44
3367,44
3368,37
3369,43
3370,44
3371,40
3372,44
3373,44
3374,35
3375,43
3376,44
3377,44
3378,44
3379,42
3380,44
3381,39
3382,44
3383,38
3384,44
3385,44
3386,44
3387,42
3388,41
3389,39
3390,44
3391,38
3392,44
3393,37
3394,44
3395,43
3396,44
3397,44
3398,44
3399,42
3400,41
3401,44
3402,44
3403,36
3404,40
3405,44
3406,33
3407,32
3408,38
3409,44
3410,44
3411,34
3412,32
3413,44
3414,43
3415,44
3416,43
3417,44
3418,44
3419,34
3420,40
3421,31
3422,44
3423,44
3424,43
3425,44
3426,42
3427,36
3428,37
3429,45
3430,41
3431,35
3432,42
3433,44
3434,44
3435,45
3436,44
3437,39
3438,39
3439,40
3440,45
3441,41
3442,43
3443,44
3444,45
3445,35
3446,45
3447,38
3448,40
3449,43
3450,43
3451,44
3452,45
3453,37
3454,44
3455,45
3456,45
3457,41
3458,42
3459,38
3460,36
3461,45
3462,44
3463,42
3464,45
3465,41
3466,43
3467,45
3468,44
3469,45
3470,44
3471,33
3472,43
3473,33
3474,34
3475,41
3476,45
3477,45
3478,45
3479,37
3480,39
3481,32
3482,40
3483,34
3484,36
3485,39
3486,44
3487,45
3488,40
3489,32
3490,44
3491,35
3492,45
3493,42
3494,43
3495,45
3496,42
3497,38
3498,44
3499,45
3500,41
3501,42
3502,45
3503,35
3504,43
3505,45
3506,37
3507,44
3508,44
3509,38
3510,45
3511,45
3512,41
3513,45
3514,44
3515,36
3516,43
3517,45
3518,45
3519,45
3520,40
3521,45
3522,39
3523,45
3524,43
3525,42
3526,45
3527,45
3528,45
3529,40
3530,44
3531,45
3532,45
3533,45
3534,45
3535,39
3536,38
3537,45
3538,43
3539,45
3540,42
3541,45
3542,41
3543,37
3544,34
3545,34
3546,45
3547,45
3548,33
3549,39
3550,35
3551,44
3552,45
3553,45
3554,45
3555,43
3556,45
3557,33
3558,45
3559,45
3560,44
3561,35
3562,45
3563,41
3564,45
3565,43
3566,45
3567,45
3568,32
3569,37
3570,42
3571,38
3572,45
3573,45
3574,36
3575,43
3576,45
3577,40
3578,44
3579,45
3580,45
3581,41
3582,40
3583,42
3584,45
3585,45
3586,44
3587,44
3588,36
3589,46
3590,41
3591,39
3592,45
3593,45
3594,46
3595,38
3596,45
3597,46
3598,45
3599,43
3600,42
3601,46
3602,43
3603,39
3604,37
3605,44
3606,42
3607,46
3608,45
3609,44
3610,44
3611,45
3612,46
3613,34
3614,46
3615,34
3616,35
3617,42
3618,33
3619,46
3620,45
3621,40
3622,38
3623,35
3624,41
3625,37
3626,45
3627,46
3628,40
3629,33
3630,46
3631,46
3632,41
3633,44
3634,45
3635,36
3636,43
3637,43
3638,46
3639,39
3640,46
3641,42
3642,43
3643,32
3644,44
3645,45
3646,45
3647,46
3648,46
3649,37
3650,38
3651,46
3652,46
3653,39
3654,45
3655,42
3656,44
3657,46
3658,46
3659,46
3660,46
3661,37
3662,46
3663,46
3664,45
3665,46
3666,46
3667,45
3668,43
3669,46
3670,43
3671,41
3672,46
3673,40
3674,46
3675,41
3676,44
3677,46
3678,46
3679,40
3680,46
3681,39
3682,43
3683,46
3684,46
3685,46
3686,42
3687,35
3688,45
3689,46
3690,35
3691,46
3692,38
3693,34
3694,45
3695,44
3696,46
3697,36
3698,45
3699,40
3700,34
3701,46
3702,46
3703,46
3704,46
3705,42
3706,36
3707,46
3708,44
3709,46
3710,33
3711,43
3712,44
3713,46
3714,46
3715,46
3716,38
3717,39
3718,46
3719,45
3720,37
3721,46
3722,45
3723,41
3724,46
3725,46
3726,43
3727,44
3728,42
3729,33
3730,41
3731,46
3732,46
3733,42
3734,46
3735,37
3736,46
3737,40
3738,46
3739,46
3740,44
3741,39
3742,46
3743,45
3744,44
3745,45
3746,42
3747,46
3748,46
3749,46
3750,43
3751,40
3752,38
3753,47
3754,45
3755,46
3756,46
3757,35
3758,47
3759,35
3760,46
3761,43
3762,46
3763,36
3764,34
3765,47
3766,45
3767,41
3768,42
3769,45
3770,36
3771,39
3772,47
3773,34
3774,38
3775,41
3776,42
3777,44
3778,44
3779,47
3780,46
3781,46
3782,46
3783,37
3784,45
3785,47
3786,43
3787,47
3788,43
3789,40
3790,33
3791,47
3792,45
3793,38
3794,47
3795,47
3796,47
3797,47
3798,47
3799,45
3800,47
3801,39
3802,47
3803,46
3804,47
3805,43
3806,46
3807,47
3808,47
3809,40
3810,33
3811,47
3812,47
3813,44
3814,47
3815,47
3816,44
3817,47
3818,38
3819,47
3820,45
3821,47
3822,42
3823,41
3824,47
3825,42
3826,46
3827,46
3828,47
3829,44
3830,47
3831,47
3832,41
3833,46
3834,47
3835,45
3836,40
3837,43
3838,47
3839,47
3840,36
3841,36
3842,35
3843,47
3844,39
3845,47
3846,37
3847,41
3848,47
3849,35
3850,47
3851,46
3852,45
3853,43
3854,47
3855,45
3856,47
3857,46
3858,44
3859,37
3860,47
3861,46
3862,34
3863,47
3864,47
3865,47
3866,45
3867,39
3868,47
3869,40
3870,38
3871,44
3872,46
3873,42
3874,42
3875,47
3876,34
3877,47
3878,47
3879,42
3880,47
3881,43
3882,47
3883,46
3884,46
3885,38
3886,45
3887,41
3888,45
3889,47
3890,47
3891,43
3892,47
3893,44
3894,33
3895,47
3896,47
3897,40
3898,45
3899,47
3900,47
3901,41
3902,47
3903,39
3904,46
3905,44
3906,47
3907,46
3908,47
3909,47
3910,36
3911,36
3912,47
3913,47
3914,37
3915,35
3916,45
3917,43
3918,47
3919,42
3920,45
3921,47
3922,47
3923,37
3924,40
3925,46
3926,43
3927,47
3928,35
3929,47
3930,47
3931,47
3932,42
3933,48
3934,39
3935,48
3936,47
3937,48
3938,44
3939,46
3940,48
3941,47
3942,44
3943,48
3944,38
3945,47
3946,34
3947,46
3948,48
3949,48
3950,47
3951,41
3952,48
3953,47
3954,48
3955,48
3956,48
3957,44
3958,39
3959,48
3960,45
3961,48
3962,47
3963,40
3964,34
3965,46
3966,45
3967,48
3968,41
3969,48
3970,46
3971,47
3972,47
3973,48
3974,48
3975,46
3976,48
3977,43
3978,48
3979,39
3980,45
3981,43
3982,42
3983,48
3984,47
3985,33
3986,47
3987,44
3988,48
3989,48
3990,42
3991,48
3992,41
3993,47
3994,46
3995,48
3996,45
3997,37
3998,46
3999,36
4000,37
4001,48
4002,40
4003,44
4004,48
4005,45
4006,42
4007,36
4008,38
4009,47
4010,48
4011,48
4012,46
4013,48
4014,48
4015,38
4016,35
4017,48
4018,47
4019,45
4020,48
4021,47
4022,48
4023,48
4024,48
4025,41
4026,40
4027,43
4028,47
4029,43
4030,39
4031,35
4032,46
4033,48
4034,45
4035,43
4036,44
4037,48
4038,46
4039,48
4040,48
4041,45
4042,48
4043,48
4044,48
4045,42
4046,48
4047,48
4048,44
4049,47
4050,48
4051,39
4052,48
4053,48
4054,48
4055,48
4056,47
4057,47
4058,34
4059,48
4060,48
4061,48
4062,41
4063,48
4064,48
4065,48
4066,45
4067,42
4068,48
4069,48
4070,48
4071,46
4072,48
4073,40
4074,48
4075,46
4076,46
4077,48
4078,47
4079,48
4080,47
4081,37
4082,37
4083,48
4084,48
4085,48
4086,34
4087,44
4088,43
4089,36
4090,38
4091,47
4092,48
4093,44
4094,45
4095,48
4096,48
4097,48
4098,41
4099,43
4100,36
4101,38
4102,48
4103,48
4104,44
4105,48
4106,40
4107,48
4108,48
4109,47
4110,47
4111,46
4112,39
4113,42
4114,35
4115,46
4116,48
4117,48
4118,45
4119,48
4120,48
4121,48
4122,46
4123,48
4124,47
4125,48
4126,40
4127,48
4128,41
4129,48
4130,35
4131,42
4132,48
4133,48
4134,45
4135,48
4136,47
4137,44
4138,48
4139,44
4140,48
4141,49
4142,43
4143,48
4144,49
4145,49
4146,47
4147,49
4148,40
4149,49
4150,45
4151,46
4152,49
4153,49
4154,49
4155,49
4156,47
4157,49
4158,34
4159,49
4160,43
4161,48
4162,49
4163,49
4164,46
4165,48
4166,49
4167,45
4168,48
4169,42
4170,49
4171,48
4172,49
4173,49
4174,47
4175,49
4176,38
4177,49
4178,37
4179,38
4180,41
4181,42
4182,49
4183,49
4184,48
4185,37
4186,49
4187,39
4188,45
4189,49
4190,49
4191,49
4192,47
4193,49
4194,34
4195,47
4196,48
4197,48
4198,49
4199,46
4200,36
4201,39
4202,49
4203,49
4204,44
4205,49
4206,44
4207,49
4208,48
4209,47
4210,49
4211,42
4212,45
4213,41
4214,46
4215,43
4216,49
4217,49
4218,49
4219,49
4220,49
4221,40
4222,49
4223,36
4224,49
4225,49
4226,49
4227,49
4228,49
4229,45
4230,49
4231,49
4232,48
4233,49
4234,48
4235,49
4236,49
4237,49
4238,49
4239,43
4240,49
4241,48
4242,49
4243,47
4244,47
4245,49
4246,49
4247,49
4248,40
4249,49
4250,46
4251,49
4252,49
4253,49
4254,49
4255,49
4256,49
4257,35
4258,46
4259,49
4260,49
4261,47
4262,49
4263,49
4264,49
4265,49
4266,42
4267,49
4268,49
4269,49
4270,49
4271,49
4272,49
4273,49
4274,49
4275,48
4276,49
4277,43
4278,49
4279,48
4280,49
4281,49
4282,49
4283,48
4284,49
4285,49
4286,46
4287,49
4288,41
4289,49
4290,49
4291,49
4292,44
4293,49
4294,49
4295,49
4296,49
4297,49
4298,45
4299,49
4300,49
4301,49
4302,49
4303,49
4304,49
4305,44
4306,49
4307,49
4308,49
4309,47
4310,49
4311,35
4312,49
4313,49
4314,49
4315,38
4316,49
4317,38
4318,47
4319,49
4320,45
4321,49
4322,48
4323,49
4324,49
4325,49
4326,37
4327,48
4328,49
4329,44
4330,39
4331,49
4332,49
4333,49
4334,49
4335,49
4336,42
4337,49
4338,49
4339,49
4340,46
4341,49
4342,49
4343,49
4344,49
4345,49
4346,37
4347,49
4348,49
4349,46
4350,48
4351,49
4352,39
4353,49
4354,49
4355,49
4356,49
4357,41
4358,49
4359,49
4360,49
4361,49
4362,49
4363,49
4364,49
4365,49
4366,49
4367,49
4368,43
4369,49
4370,49
4371,49
4372,49
4373,49
4374,49
4375,49
4376,49
4377,49
4378,36
4379,49
4380,49
4381,40
4382,49
4383,49
4384,49
4385,48
4386,49
4387,46
4388,49
4389,49
4390,34
4391,49
4392,49
4393,49
4394,47
4395,49
4396,49
4397,49
4398,49
4399,49
4400,48
4401,49
4402,49
4403,49
4404,49
4405,49
4406,49
4407,49
4408,49
4409,49
4410,49
4411,47
4412,49
4413,49
4414,49
4415,49
4416,49
4417,49
4418,49
4419,49
4420,49
4421,48
4422,49
4423,49
4424,49
4425,40
4426,42
4427,49
4428,45
4429,43
4430,36
4431,45
4432,49
4433,49
4434,49
4435,49
4436,49
4437,49
4438,49
4439,49
4440,49
4441,49
4442,49
4443,49
4444,49
4445,45
4446,49
4447,49
4448,49
4449,49
4450,49
4451,49
4452,49
4453,47
4454,44
4455,49
4456,49
4457,49
4458,49
4459,49
4460,49
4461,49
4462,49
4463,49
4464,49
4465,48
4466,49
4467,49
4468,49
4469,49
4470,49
4471,49
4472,49
4473,49
4474,49
4475,49
4476,46
4477,49
4478,49
4479,49
4480,49
4481,49
4482,49
4483,49
4484,49
4485,49
4486,49
4487,49
4488,49
4489,41
4490,49
4491,44
4492,49
4493,49
4494,49
4495,49
4496,49
4497,49
4498,49
4499,48
4500,49
4501,49
4502,49
4503,49
4504,47
4505,49
4506,49
4507,49
4508,49
4509,49
4510,49
4511,35
4512,49
4513,49
4514,49
4515,49
4516,49
4517,48
4518,49
4519,49
4520,49
4521,49
4522,49
4523,49
4524,49
4525,49
4526,49
4527,49
4528,49
4529,49
4530,49
4531,46
4532,49
4533,49
4534,49
4535,49
4536,49
4537,49
4538,42
4539,47
4540,49
4541,49
4542,49
4543,49
4544,49
4545,49
4546,49
4547,49
4548,49
4549,49
4550,49
4551,49
4552,49
4553,49
4554,49
4555,49
4556,49
4557,48
4558,49
4559,49
4560,49
4561,49
4562,49
4563,49
4564,49
4565,49
4566,49
4567,49
4568,49
4569,49
4570,49
4571,49
4572,49
4573,49
4574,49
4575,49
4576,49
4577,43
4578,49
4579,49
4580,49
4581,49
4582,49
4583,49
4584,49
4585,49
4586,49
4587,49
4588,49
4589,39
4590,49
4591,49
4592,49
4593,49
4594,49
4595,49
4596,49
4597,49
4598,49
4599,49
4600,49
4601,49
4602,42
4603,49
4604,49
4605,49
4606,49
4607,38
4608,49
4609,49
4610,49
4611,49
4612,49
4613,49
4614,49
4615,49
4616,49
4617,49
4618,49
4619,49
4620,49
4621,49
4622,49
4623,49
4624,49
4625,49
4626,49
4627,49
4628,49
4629,49
4630,49
4631,49
4632,39
4633,49
4634,49
4635,49
4636,49
4637,49
4638,49
4639,49
4640,49
4641,49
4642,47
4643,49
4644,49
4645,49
4646,49
4647,49
4648,38
4649,40
4650,45
4651,48
4652,46
4653,35
4654,45
4655,48
4656,49
4657,47
4658,49
4659,37
4660,46
4661,40
4662,48
4663,49
4664,44
4665,43
4666,42
4667,47
4668,49
4669,46
4670,49
4671,41
4672,37
4673,44
4674,49
4675,48
4676,48
4677,49
4678,47
4679,49
4680,35
4681,48
4682,41
4683,49
4684,36
4685,43
4686,49
4687,49
4688,44
4689,49
4690,46
4691,45
4692,49
4693,47
4694,46
4695,45
4696,48
4697,49
4698,42
4699,47
4700,49
4701,48
4702,49
4703,44
4704,49
4705,36
4706,39
4707,39
4708,48
4709,43
4710,47
4711,38
4712,40
4713,49
4714,42
4715,44
4716,38
4717,40
4718,49
4719,49
4720,49
4721,48
4722,47
4723,48
4724,49
4725,41
4726,37
4727,46
4728,46
4729,35
4730,45
4731,47
4732,49
4733,44
4734,48
4735,45
4736,49
4737,43
4738,49
4739,49
4740,41
4741,37
4742,47
4743,48
4744,45
4745,49
4746,48
4747,47
4748,42
4749,49
4750,35
4751,36
4752,49
4753,43
4754,44
4755,48
4756,49
4757,46
4758,46
4759,49
4760,47
4761,46
4762,42
4763,40
4764,49
4765,47
4766,39
4767,40
4768,48
4769,39
4770,45
4771,41
4772,49
4773,49
4774,36
4775,48
4776,44
4777,41
4778,38
4779,43
4780,49
4781,49
4782,48
4783,45
4784,49
4785,42
4786,38
4787,49
4788,46
4789,48
4790,47
4791,46
4792,47
4793,36
4794,49
4795,49
4796,42
4797,44
4798,44
4799,46
4800,48
4801,49
4802,37
4803,48
4804,45
4805,49
4806,49
4807,43
4808,49
4809,48
4810,44
4811,37
4812,49
4813,45
4814,35
4815,47
4816,40
4817,40
4818,47
4819,47
4820,41
4821,39
4822,43
4823,48
4824,49
4825,46
4826,49
4827,41
4828,39
4829,48
4830,46
4831,48
4832,42
4833,45
4834,38
4835,36
4836,49
4837,44
4838,49
4839,49
4840,45
4841,42
4842,38
4843,47
4844,47
4845,48
4846,47
4847,48
4848,43
4849,49
4850,49
4851,44
4852,45
4853,46
4854,49
4855,36
4856,49
4857,37
4858,46
4859,43
4860,49
4861,41
4862,41
4863,40
4864,48
4865,45
4866,48
4867,48
4868,49
4869,49
4870,42
4871,47
4872,49
4873,40
4874,46
4875,37
4876,44
4877,47
4878,42
4879,39
4880,49
4881,35
4882,46
4883,43
4884,49
4885,45
4886,39
4887,44
4888,49
4889,49
4890,48
4891,43
4892,36
4893,48
4894,46
4895,48
4896,47
4897,38
4898,44
4899,49
4900,47
4901,45
4902,46
4903,49
4904,49
4905,47
4906,38
4907,48
4908,44
4909,36
4910,41
4911,41
4912,48
4913,42
4914,49
4915,40
4916,48
4917,42
4918,45
4919,40
4920,46
4921,47
4922,49
4923,43
4924,45
4925,37
4926,39
4927,49
4928,47
4929,49
4930,43
4931,49
4932,46
4933,48
4934,36
4935,39
4936,45
4937,44
4938,47
4939,49
4940,48
4941,49
4942,37
4943,49
4944,48
4945,44
4946,38
4947,46
4948,46
4949,49
4950,47
4951,49
4952,41
4953,42
4954,48
4955,41
4956,45
4957,42
4958,40
4959,38
4960,43
4961,48
4962,49
4963,46
4964,47
4965,36
4966,40
4967,43
4968,45
4969,49
4970,49
4971,48
4972,40
4973,44
4974,48
4975,47
4976,37
4977,47
4978,49
4979,46
4980,44
4981,39
4982,48
4983,49
4984,36
4985,49
4986,45
4987,47
4988,46
4989,48
4990,39
4991,42
4992,37
4993,42
4994,43
4995,49
4996,49
4997,41
4998,43
4999,49
5000,45
5001,44
5002,41
5003,47
5004,47
5005,48
5006,49
5007,44
5008,38
5009,40
5010,46
5011,49
5012,49
5013,45
5014,48
5015,47
5016,37
5017,49
5018,40
5019,46
5020,45
5021,49
5022,38
5023,48
5024,48
5025,39
5026,49
5027,46
5028,47
5029,43
5030,42
5031,43
5032,42
5033,49
5034,44
5035,48
5036,46
5037,36
5038,41
5039,39
5040,47
5041,44
5042,49
5043,37
5044,41
5045,49
5046,45
5047,46
5048,48
5049,48
5050,40
5051,45
5052,38
5053,49
5054,47
5055,46
5056,49
5057,49
5058,48
5059,40
5060,37
5061,47
5062,46
5063,49
5064,43
5065,44
5066,43
5067,44
5068,40
5069,38
5070,42
5071,49
5072,48
5073,44
5074,47
5075,49
5076,49
5077,45
5078,42
5079,48
5080,47
5081,45
5082,41
5083,39
5084,36
5085,49
5086,46
5087,48
5088,38
5089,41
5090,49
5091,49
5092,46
5093,48
5094,39
5095,47
5096,40
5097,48
5098,44
5099,44
5100,43
5101,45
5102,47
5103,43
5104,49
5105,45
5106,49
5107,49
5108,42
5109,37
5110,46
5111,48
5112,40
5113,42
5114,46
5115,38
5116,48
5117,46
5118,41
5119,48
5120,49
5121,47
5122,39
5123,49
5124,49
5125,47
5126,41
5127,37
5128,38
5129,48
5130,44
5131,45
5132,44
5133,45
5134,43
5135,49
5136,48
5137,46
5138,40
5139,43
5140,39
5141,46
5142,49
5143,49
5144,49
5145,43
5146,47
5147,47
5148,42
5149,40
5150,47
5151,37
5152,48
5153,38
5154,42
5155,49
5156,48
5157,49
5158,49
5159,45
5160,45
5161,45
5162,40
5163,46
5164,44
5165,41
5166,46
5167,44
5168,47
5169,47
5170,43
5171,49
5172,38
5173,48
5174,37
5175,41
5176,48
5177,43
5178,49
5179,48
5180,39
5181,49
5182,42
5183,40
5184,49
5185,46
5186,46
5187,42
5188,45
5189,47
5190,45
5191,47
5192,38
5193,49
5194,47
5195,44
5196,39
5197,48
5198,49
5199,48
5200,49
5201,44
5202,41
5203,40
5204,43
5205,43
5206,49
5207,41
5208,38
5209,49
5210,37
5211,42
5212,47
5213,39
5214,46
5215,47
5216,49
5217,47
5218,46
5219,48
5220,48
5221,45
5222,45
5223,41
5224,44
5225,42
5226,49
5227,44
5228,49
5229,39
5230,38
5231,44
5232,42
5233,49
5234,48
5235,40
5236,48
5237,48
5238,47
5239,43
5240,47
5241,49
5242,46
5243,46
5244,46
5245,41
5246,43
5247,45
5248,49
5249,39
5250,45
5251,40
5252,49
5253,38
5254,49
5255,49
5256,42
5257,44
5258,41
5259,48
5260,48
5261,47
5262,44
5263,47
5264,49
5265,47
5266,42
5267,46
5268,39
5269,43
5270,38
5271,49
5272,46
5273,40
5274,45
5275,49
5276,48
5277,43
5278,41
5279,45
5280,49
5281,48
5282,48
5283,44
5284,47
5285,39
5286,40
5287,42
5288,49
5289,47
5290,41
5291,44
5292,38
5293,46
5294,49
5295,49
5296,46
5297,48
5298,42
5299,44
5300,45
5301,48
5302,40
5303,49
5304,48
5305,41
5306,45
5307,38
5308,43
5309,47
5310,49
5311,42
5312,49
5313,47
5314,45
5315,46
5316,49
5317,43
5318,44
5319,46
5320,49
5321,48
5322,40
5323,39
5324,41
5325,48
5326,46
5327,44
5328,38
5329,49
5330,42
5331,47
5332,45
5333,47
5334,49
5335,49
5336,43
5337,41
5338,40
5339,45
5340,47
5341,48
5342,42
5343,39
5344,46
5345,49
5346,48
5347,44
5348,43
5349,46
5350,48
5351,49
5352,49
5353,40
5354,41
5355,44
5356,47
5357,39
5358,45
5359,43
5360,48
5361,47
5362,49
5363,38
5364,45
5365,44
5366,49
5367,48
5368,46
5369,41
5370,49
5371,40
5372,42
5373,48
5374,45
5375,46
5376,43
5377,39
5378,47
5379,49
5380,49
5381,46
5382,44
5383,47
5384,42
5385,48
5386,41
5387,43
5388,49
5389,40
5390,45
5391,47
5392,48
5393,44
5394,49
5395,49
5396,39
5397,46
5398,45
5399,48
5400,41
5401,42
5402,40
5403,43
5404,48
5405,49
5406,47
5407,46
5408,49
5409,44
5410,39
5411,48
5412,47
5413,49
5414,45
5415,42
5416,43
5417,41
5418,44
5419,48
5420,40
5421,46
5422,49
5423,49
5424,45
5425,47
5426,43
5427,39
5428,46
5429,42
5430,44
5431,48
5432,49
5433,41
5434,45
5435,47
5436,49
5437,46
5438,48
5439,39
5440,49
5441,43
5442,42
5443,47
5444,44
5445,41
5446,47
5447,45
5448,49
5449,48
5450,49
5451,40
5452,46
5453,47
5454,43
5455,44
5456,42
5457,45
5458,49
5459,48
5460,39
5461,46
5462,41
5463,49
5464,47
5465,49
5466,48
5467,48
5468,43
5469,44
5470,42
5471,40
5472,45
5473,46
5474,41
5475,49
5476,47
5477,48
5478,49
5479,40
5480,44
5481,45
5482,43
5483,46
5484,42
5485,47
5486,49
5487,48
5488,39
5489,41
5490,49
5491,45
5492,46
5493,44
5494,49
5495,47
5496,48
5497,47
5498,43
5499,40
5500,42
5501,49
5502,45
5503,46
5504,48
5505,44
5506,47
5507,49
5508,43
5509,49
5510,41
5511,42
5512,48
5513,48
5514,47
5515,46
5516,45
5517,41
5518,44
5519,40
5520,49
5521,43
5522,49
5523,48
5524,47
5525,46
5526,40
5527,45
5528,42
5529,44
5530,49
5531,43
5532,48
5533,49
5534,41
5535,47
5536,42
5537,49
5538,46
5539,45
5540,48
5541,44
5542,41
5543,47
5544,40
5545,43
5546,47
5547,49
5548,46
5549,49
5550,49
5551,45
5552,48
5553,42
5554,40
5555,47
5556,44
5557,46
5558,48
5559,45
5560,43
5561,41
5562,48
5563,49
5564,44
5565,49
5566,47
5567,42
5568,46
5569,48
5570,43
5571,40
5572,45
5573,47
5574,49
5575,42
5576,46
5577,44
5578,49
5579,41
5580,49
5581,48
5582,45
5583,43
5584,47
5585,41
5586,45
5587,48
5588,46
5589,49
5590,47
5591,44
5592,42
5593,49
5594,49
5595,45
5596,47
5597,40
5598,48
5599,44
5600,43
5601,46
5602,48
5603,47
5604,41
5605,49
5606,43
5607,45
5608,49
5609,46
5610,48
5611,42
5612,44
5613,45
5614,48
5615,47
5616,42
5617,49
5618,44
5619,46
5620,49
5621,47
5622,49
5623,41
5624,43
5625,48
5626,41
5627,46
5628,45
5629,43
5630,48
5631,42
5632,47
5633,45
5634,49
5635,49
5636,44
5637,49
5638,42
5639,47
5640,46
5641,45
5642,48
5643,43
5644,41
5645,47
5646,48
5647,45
5648,49
5649,49
5650,44
5651,41
5652,47
5653,46
5654,42
5655,44
5656,48
5657,46
5658,48
5659,43
5660,45
5661,49
5662,49
5663,47
5664,49
5665,43
5666,45
5667,41
5668,47
5669,44
5670,46
5671,42
5672,48
5673,48
5674,44
5675,49
5676,42
5677,46
5678,49
5679,49
5680,45
5681,47
5682,43
5683,47
5684,46
5685,44
5686,48
5687,41
5688,46
5689,44
5690,48
5691,49
5692,49
5693,42
5694,47
5695,45
5696,43
5697,47
5698,45
5699,48
5700,43
5701,46
5702,48
5703,49
5704,49
5705,44
5706,49
5707,46
5708,44
5709,42
5710,47
5711,45
5712,42
5713,47
5714,49
5715,48
5716,45
5717,43
5718,48
5719,49
5720,49
5721,46
5722,43
5723,46
5724,44
5725,47
5726,45
5727,48
5728,42
5729,45
5730,48
5731,49
5732,48
5733,49
5734,42
5735,46
5736,43
5737,46
5738,44
5739,47
5740,44
5741,47
5742,49
5743,48
5744,45
5745,48
5746,49
5747,49
5748,45
5749,42
5750,46
5751,43
5752,46
5753,43
5754,49
5755,47
5756,44
5757,47
5758,49
5759,48
5760,44
5761,48
5762,49
5763,45
5764,46
5765,46
5766,42
5767,47
5768,43
5769,49
5770,47
5771,48
5772,44
5773,49
5774,48
5775,48
5776,44
5777,45
5778,45
5779,46
5780,49
5781,46
5782,47
5783,49
5784,47
5785,43
5786,48
5787,49
5788,48
5789,43
5790,44
5791,44
5792,45
5793,49
5794,45
5795,46
5796,49
5797,46
5798,47
5799,49
5800,47
5801,48
5802,48
5803,43
5804,43
5805,44
5806,45
5807,49
5808,45
5809,46
5810,46
5811,49
5812,47
5813,49
5814,47
5815,48
5816,48
5817,49
5818,43
5819,44
5820,44
5821,45
5822,49
5823,45
5824,46
5825,49
5826,46
5827,48
5828,47
5829,47
5830,48
5831,49
5832,43
5833,44
5834,49
5835,44
5836,45
5837,45
5838,48
5839,46
5840,48
5841,47
5842,48
5843,47
5844,49
5845,49
5846,49
5847,44
5848,44
5849,48
5850,45
5851,45
5852,48
5853,46
5854,46
5855,47
5856,47
5857,49
5858,49
5859,49
5860,48
5861,48
5862,47
5863,44
5864,44
5865,47
5866,45
5867,45
5868,46
5869,46
5870,49
5871,49
5872,48
5873,48
5874,48
5875,47
5876,47
5877,46
5878,46
5879,49
5880,45
5881,45
5882,44
5883,49
5884,49
5885,48
5886,49
5887,48
5888,47
5889,47
5890,46
5891,46
5892,45
5893,45
5894,44
5895,49
5896,49
5897,48
5898,48
5899,47
5900,47
5901,49
5902,47
5903,46
5904,45
5905,45
5906,44
5907,49
5908,49
5909,48
5910,49
5911,48
5912,47
5913,47
5914,49
5915,46
5916,46
5917,45
5918,45
5919,49
5920,48
5921,48
5922,47
5923,49
5924,47
5925,46
5926,46
5927,49
5928,45
5929,45
5930,48
5931,48
5932,49
5933,48
5934,47
5935,49
5936,47
5937,46
5938,46
5939,49
5940,45
5941,49
5942,48
5943,48
5944,49
5945,47
5946,47
5947,49
5948,46
5949,46
5950,45
5951,48
5952,48
5953,49
5954,47
5955,47
5956,49
5957,47
5958,46
5959,49
5960,49
5961,45
5962,48
5963,48
5964,49
5965,47
5966,47
5967,49
5968,46
5969,46
5970,48
5971,49
5972,48
5973,47
5974,49
5975,47
5976,46
5977,48
5978,46
5979,49
5980,48
5981,48
5982,49
5983,47
5984,49
5985,49
5986,47
5987,46
5988,48
5989,49
5990,48
5991,47
5992,49
5993,47
5994,48
5995,46
5996,49
5997,48
5998,49
5999,47
6000,47
6001,49
6002,49
6003,46
6004,48
6005,49
6006,48
6007,49
6008,47
6009,49
6010,47
6011,48
6012,49
6013,48
6014,49
6015,47
6016,47
6017,48
6018,49
6019,48
6020,49
6021,48
6022,49
6023,49
6024,47
6025,48
6026,49
6027,48
6028,49
6029,47
6030,48
6031,49
6032,48
6033,49
6034,47
6035,49
6036,48
6037,48
6038,49
6039,49
6040,48
6041,49
6042,48
6043,49
6044,48
6045,49
6046,49
6047,48
6048,48
6049,49
6050,49
6051,48
6052,49
6053,48
6054,49
6055,49
6056,49
6057,48
6058,49
6059,49
6060,48
6061,49
6062,49
6063,48
6064,49
6065,49
6066,49
6067,49
6068,49
6069,49
6070,49
6071,49
6072,49
6073,49
6074,49
6075,49
6076,49
6077,49
6078,49
